Équipe,Buts,Possession (%),Tirs totaux,Tirs cadrés,Tirs non cadrés,Tirs contrés,xG,Nombre de passes,Passes réussies,Taux passe (%),Passes longues,Passes courtes,Passes dernier tiers,Passes clés,Centres,Centres réussis (%),Centres droite,Centres gauche,Centres réussis droite (%),Centres réussis gauche (%),Corners,Coup Franc,Hors-jeu,Fautes commises,Cartons jaunes,Cartons rouges,Fautes subies,Penalty,Duel totaux,Duel gagnés (%),Duel aériens,Duel aérien gagnés (%),Nombre de tacle,Nombre de tacle réussi,Pourcentage passe réussi (%),Dribbles tentés,Dribbles réussis,Dribbles réussis (%),Interceptions,Dégagement,Bloc,Récupération,Arrêts,Tirs subis,Tirs cadrés subis,Buts encaissés,Clean sheet,match_ID
Rennes,0,39.0,6,2,4,0,0.3,441,346,78.5,102,339,38,4,7,14.3,2,5,0.0,20.0,1,13,0,15,0,0,23,0,38,52.4,33,48.5,21,11,52.4,17,11,64.7,7,37,0,58,4,13,5,1,0,3900490
Paris Saint-Germain,1,61.0,13,5,6,2,0.7,792,687,86.7,140,652,78,10,19,21.1,5,14,0.0,28.6,3,15,0,11,0,0,23,0,39,78.3,33,51.5,23,18,78.3,16,9,56.2,7,13,0,44,2,6,2,0,1,3900490
Saint-Étienne,2,56.2,20,4,9,6,2.7,503,372,74.0,141,362,67,11,23,34.8,12,11,41.7,27.3,7,10,0,13,1,0,20,0,49,45.8,61,59.0,24,11,45.8,16,10,62.5,4,28,1,61,4,8,4,0,1,3900491
Stade de Reims,0,43.8,8,4,2,2,0.6,364,248,68.1,104,260,57,8,15,20.0,6,9,33.3,11.1,12,14,0,10,1,0,20,0,57,61.9,57,36.8,21,13,61.9,8,4,50.0,7,30,0,55,2,20,4,2,0,3900491
Guingamp,2,40.8,13,4,6,3,1.0,329,239,72.6,100,229,46,7,11,36.4,6,5,50.0,20.0,4,19,0,11,2,0,27,0,41,66.7,27,48.1,27,18,66.7,6,3,50.0,6,20,0,36,2,12,4,2,0,3900492
Lorient,2,59.2,12,4,5,3,1.6,546,467,85.5,124,422,58,9,13,38.5,8,5,37.5,40.0,3,9,0,20,0,1,27,1,25,80.0,29,48.3,10,8,80.0,17,11,64.7,4,21,1,36,2,13,4,2,0,3900492
Troyes,0,36.6,8,3,2,3,0.5,345,237,68.7,109,236,43,7,4,25.0,4,0,25.0,0.0,3,16,0,19,0,1,33,0,36,35.3,28,32.1,17,6,35.3,8,3,37.5,7,18,2,37,5,30,6,1,0,3900493
Lyon,1,63.4,30,6,13,11,2.6,745,644,86.4,137,608,186,20,23,43.5,14,9,50.0,33.3,10,11,1,14,1,0,33,1,25,68.8,28,67.9,16,11,68.8,14,8,57.1,6,13,1,48,3,8,3,0,1,3900493
Gazélec Ajaccio,2,46.4,8,4,2,2,0.5,416,277,66.6,139,277,52,5,9,22.2,5,4,40.0,0.0,2,15,0,21,2,1,32,0,40,69.6,38,55.3,23,16,69.6,21,11,52.4,10,31,0,66,0,7,0,0,1,3900494
Bordeaux,0,53.6,7,0,4,3,0.2,502,359,71.5,129,373,81,3,14,28.6,7,7,14.3,42.9,5,21,0,11,3,0,32,0,45,50.0,38,44.7,24,12,50.0,18,10,55.6,5,25,0,62,2,8,4,2,0,3900494
Bastia,1,53.6,12,6,4,2,0.7,456,317,69.5,157,299,69,7,16,6.2,11,5,9.1,0.0,8,19,0,12,0,0,28,0,72,59.1,78,35.9,22,13,59.1,24,12,50.0,9,31,0,44,3,5,3,0,1,3900495
Caen,0,46.4,5,3,1,1,0.3,409,259,63.3,117,292,68,4,18,16.7,10,8,30.0,0.0,2,13,0,16,2,0,28,0,50,76.2,79,63.3,21,16,76.2,9,5,55.6,8,45,0,65,5,12,6,1,0,3900495
Toulouse,1,48.2,10,5,2,3,0.7,423,318,75.2,99,324,68,6,16,18.8,9,7,22.2,14.3,3,15,0,26,4,0,42,0,69,55.3,50,38.0,38,21,55.3,30,14,46.7,7,50,0,72,0,7,1,1,0,3900496
Montpellier,1,51.8,7,1,4,2,0.4,478,341,71.3,136,342,56,4,12,25.0,4,8,25.0,25.0,7,23,0,18,2,0,42,0,51,56.2,50,62.0,32,18,56.2,24,17,70.8,5,22,0,52,4,10,5,1,0,3900496
OGC Nice,0,55.5,10,3,4,3,1.2,524,405,77.3,115,409,45,6,9,0.0,4,5,0.0,0.0,7,27,0,27,2,0,51,0,65,60.0,60,41.7,30,18,60.0,21,12,57.1,1,30,0,56,1,10,1,0,1,3900497
Lille,0,44.5,10,1,7,2,0.5,390,266,68.2,110,280,41,6,10,30.0,5,5,60.0,0.0,5,26,0,27,2,0,51,0,47,63.6,59,57.6,22,14,63.6,23,12,52.2,7,11,0,65,3,10,3,0,1,3900497
AS Monaco,1,50.3,15,2,7,6,2.2,521,416,79.8,124,397,65,10,8,12.5,1,7,0.0,14.3,2,21,0,8,2,0,26,0,50,57.1,49,55.1,28,16,57.1,9,3,33.3,8,29,1,39,5,15,5,0,1,3900498
Angers,0,49.7,15,5,9,1,0.8,505,391,77.4,114,391,54,10,5,40.0,2,3,50.0,33.3,4,8,0,21,3,0,26,0,44,53.3,51,43.1,15,8,53.3,25,10,40.0,13,18,1,51,1,15,2,1,0,3900498
Nantes,0,45.1,12,3,5,4,0.8,457,344,75.3,121,336,63,11,7,28.6,5,2,0.0,100.0,5,18,0,21,1,0,40,0,52,69.7,50,62.0,33,23,69.7,6,1,16.7,4,32,0,48,2,12,3,1,0,3900499
Marseille,1,54.9,12,3,5,4,1.0,516,402,77.9,119,397,41,9,12,58.3,6,6,50.0,66.7,2,22,0,20,1,0,40,0,51,55.6,52,36.5,18,10,55.6,22,11,50.0,7,15,0,73,3,12,3,0,1,3900499
Angers,0,46.6,19,4,9,6,2.2,553,436,78.8,128,425,58,11,13,30.8,1,12,0.0,33.3,5,16,0,10,1,0,25,1,36,47.4,41,58.5,19,9,47.4,22,10,45.5,8,9,1,68,0,10,2,2,0,3900500
Rennes,2,53.4,10,2,6,2,0.6,600,485,80.8,136,464,62,7,14,14.3,4,10,25.0,10.0,2,8,0,15,1,0,25,0,48,47.8,42,40.5,23,11,47.8,19,13,68.4,10,27,0,62,3,19,4,0,1,3900500
Paris Saint-Germain,5,65.9,15,9,6,0,1.7,818,747,91.3,162,656,98,9,16,31.2,9,7,55.6,0.0,5,14,0,16,2,0,27,0,45,61.1,28,67.9,36,22,61.1,13,6,46.2,5,10,0,41,0,7,0,0,1,3900501
Toulouse,0,34.1,7,0,4,3,0.3,358,291,81.3,71,287,38,5,5,0.0,2,3,0.0,0.0,0,13,0,13,1,0,27,0,44,64.0,28,32.1,25,16,64.0,14,5,35.7,4,24,0,42,4,15,9,5,0,3900501
Lorient,4,54.9,30,10,13,7,3.1,654,566,86.5,139,515,115,19,21,28.6,8,13,37.5,23.1,10,13,0,9,0,0,20,1,22,78.6,25,68.0,14,11,78.6,24,17,70.8,4,22,1,60,5,13,6,1,0,3900502
Troyes,1,45.1,13,6,4,3,1.6,460,360,78.3,132,328,59,9,8,25.0,4,4,25.0,25.0,5,8,0,13,0,0,20,0,36,78.9,25,32.0,19,15,78.9,15,9,60.0,9,19,1,52,6,30,10,4,0,3900502
Lille,1,58.9,11,2,4,5,1.4,584,461,78.9,126,458,78,5,15,33.3,11,4,36.4,25.0,5,14,1,16,1,1,27,0,24,71.4,56,69.6,7,5,71.4,20,12,60.0,4,16,1,50,1,9,2,1,0,3900503
Bastia,1,41.1,9,2,4,3,0.5,342,233,68.1,130,212,31,7,9,22.2,5,4,0.0,50.0,5,18,0,13,3,0,27,0,62,61.9,58,29.3,21,13,61.9,10,6,60.0,7,42,2,37,1,11,2,1,0,3900503
Montpellier,2,48.8,10,4,5,1,2.0,489,378,77.3,136,353,62,7,14,21.4,3,11,33.3,18.2,2,16,0,6,0,0,20,0,36,52.6,44,61.4,19,10,52.6,30,14,46.7,12,27,0,53,1,10,2,1,0,3900504
Nantes,1,51.2,10,2,7,1,0.6,514,381,74.1,148,366,67,8,19,15.8,10,9,20.0,11.1,6,9,0,14,2,0,20,0,52,56.0,43,37.2,25,14,56.0,10,4,40.0,3,21,0,65,2,10,4,2,0,3900504
Caen,2,41.0,16,5,7,4,1.3,366,231,63.1,111,255,73,10,17,11.8,11,6,18.2,0.0,11,17,0,14,0,0,29,0,59,54.5,70,47.1,22,12,54.5,8,5,62.5,11,38,0,59,5,12,6,1,0,3900505
Guingamp,1,59.0,12,6,4,2,1.4,519,387,74.6,127,392,63,8,11,45.5,6,5,50.0,40.0,6,15,0,17,1,0,29,0,50,58.8,70,52.9,17,10,58.8,8,5,62.5,6,26,1,52,3,16,5,2,0,3900505
Stade de Reims,1,58.2,16,3,9,4,1.4,589,446,75.7,144,445,72,12,21,28.6,8,13,50.0,15.4,7,14,0,11,3,0,25,0,49,80.0,59,33.9,10,8,80.0,22,12,54.5,6,18,0,59,2,10,4,2,0,3900506
Gazélec Ajaccio,2,41.8,10,4,6,0,0.6,395,272,68.9,109,286,28,5,10,30.0,8,2,25.0,50.0,1,11,0,14,2,0,25,0,44,65.2,59,64.4,23,15,65.2,14,7,50.0,4,50,0,57,2,16,3,1,0,3900506
Marseille,0,57.5,17,3,10,4,1.0,571,446,78.1,143,428,88,12,15,13.3,6,9,0.0,22.2,7,13,0,15,2,0,23,0,34,65.0,36,61.1,20,13,65.0,25,12,48.0,4,18,0,63,3,9,4,1,0,3900507
OGC Nice,1,42.5,9,4,3,1,0.6,454,334,73.6,100,354,39,3,5,20.0,3,2,0.0,50.0,5,16,0,11,1,0,23,0,46,50.0,36,38.9,24,12,50.0,16,8,50.0,7,32,1,57,3,17,3,0,1,3900507
Bordeaux,3,41.6,10,3,4,3,1.3,355,272,76.6,105,250,47,7,11,36.4,7,4,42.9,25.0,4,19,0,19,2,0,33,0,48,48.3,36,47.2,29,14,48.3,18,9,50.0,1,42,0,53,5,14,7,1,0,3900508
AS Monaco,1,58.4,14,7,4,2,1.4,589,475,80.6,139,450,75,10,15,20.0,5,10,20.0,20.0,10,19,1,15,2,0,33,0,34,58.8,36,52.8,17,10,58.8,18,13,72.2,1,13,0,45,0,10,3,3,0,3900508
Lyon,3,56.6,17,8,4,5,2.4,466,362,77.7,128,338,74,11,12,33.3,8,4,12.5,75.0,5,24,0,19,2,0,39,0,37,60.0,49,55.1,15,9,60.0,17,10,58.8,8,14,1,53,1,6,1,0,1,3900509
Saint-Étienne,0,43.4,6,1,2,3,0.2,329,214,65.0,112,217,31,3,13,0.0,9,4,0.0,0.0,3,22,0,23,4,0,39,0,45,64.7,50,44.0,17,11,64.7,11,7,63.6,6,16,1,44,5,17,8,3,0,3900509
OGC Nice,2,48.8,13,8,3,2,2.6,619,507,81.9,127,492,82,10,15,46.7,11,4,45.5,50.0,3,3,0,14,1,0,18,0,32,65.0,37,67.6,20,13,65.0,25,18,72.0,7,16,0,59,1,13,1,0,1,3900510
Lyon,0,51.2,13,1,9,3,1.0,613,496,80.9,119,494,96,9,13,15.4,11,2,18.2,0.0,2,15,0,5,2,0,18,0,45,70.0,37,32.4,20,14,70.0,23,11,47.8,6,15,1,75,6,13,8,2,0,3900510
Lorient,1,45.0,13,6,3,4,0.9,522,417,79.9,127,395,68,7,13,23.1,7,6,14.3,33.3,3,23,0,15,2,0,31,0,30,61.1,26,53.8,18,11,61.1,19,10,52.6,9,10,1,53,1,8,3,2,0,3900511
Paris Saint-Germain,2,55.0,8,3,3,2,1.4,697,601,86.2,128,569,34,3,6,16.7,2,4,0.0,25.0,2,16,0,17,1,0,31,0,45,51.6,24,41.7,31,16,51.6,15,6,40.0,6,18,0,38,5,13,6,1,0,3900511
Montpellier,3,55.8,11,4,7,0,3.0,528,420,79.5,128,400,59,5,12,33.3,7,5,14.3,60.0,3,20,1,14,2,0,34,0,37,50.0,47,51.1,14,7,50.0,21,10,47.6,9,14,0,56,4,11,5,1,0,3900512
Stade de Reims,1,44.2,11,5,6,0,0.6,430,311,72.3,106,324,37,7,7,14.3,6,1,16.7,0.0,4,13,0,22,2,0,34,0,49,64.0,47,48.9,25,16,64.0,6,3,50.0,4,15,0,53,1,11,4,3,0,3900512
Troyes,1,51.7,10,4,4,2,0.9,506,387,76.5,130,376,82,7,15,33.3,12,3,25.0,66.7,6,25,0,21,2,0,42,0,53,66.7,47,38.3,24,16,66.7,17,11,64.7,10,39,1,54,5,16,6,1,0,3900513
Lille,1,48.3,16,6,8,2,1.2,464,355,76.5,128,336,87,11,20,45.0,15,5,53.3,20.0,12,20,0,26,1,0,42,0,35,82.4,44,59.1,17,14,82.4,21,13,61.9,5,22,0,55,3,10,4,1,0,3900513
Guingamp,2,48.2,7,5,2,0,1.3,380,275,72.4,102,278,47,2,10,30.0,6,4,50.0,0.0,3,26,0,20,3,0,42,1,44,42.9,41,61.0,28,12,42.9,21,9,42.9,6,14,1,51,3,15,3,0,1,3900514
Toulouse,0,51.8,15,3,7,5,1.3,445,343,77.1,79,366,47,9,6,50.0,2,4,50.0,50.0,7,20,0,25,3,1,42,0,54,75.9,41,39.0,29,22,75.9,13,7,53.8,3,23,0,60,2,7,5,2,0,3900514
AS Monaco,1,52.2,9,4,3,2,0.7,538,417,77.5,144,394,80,6,19,21.1,9,10,22.2,20.0,6,17,0,13,2,0,29,0,35,46.2,44,50.0,13,6,46.2,13,9,69.2,4,18,1,54,2,12,2,0,1,3900515
Nantes,0,47.8,12,2,8,2,0.4,447,322,72.0,123,324,48,8,12,33.3,6,6,50.0,16.7,3,13,0,16,1,0,29,0,38,62.5,43,48.8,16,10,62.5,21,13,61.9,8,27,0,56,3,9,4,1,0,3900515
Saint-Étienne,0,46.5,13,4,8,1,0.9,485,370,76.3,108,377,53,10,12,33.3,9,3,11.1,100.0,5,11,0,15,1,0,25,0,38,39.1,39,61.5,23,9,39.1,16,6,37.5,6,18,1,57,3,15,5,2,0,3900516
Marseille,2,53.5,15,5,5,4,2.2,518,412,79.5,105,413,52,9,10,50.0,5,5,40.0,60.0,7,15,0,11,1,0,25,0,52,46.4,38,36.8,28,13,46.4,23,16,69.6,6,19,0,60,4,13,4,0,1,3900516
Caen,0,43.0,13,2,6,4,0.4,418,323,77.3,122,296,47,8,14,14.3,3,11,0.0,18.2,4,14,0,8,0,1,21,0,38,36.4,41,61.0,22,8,36.4,9,5,55.6,11,35,0,43,4,11,4,0,1,3900518
Angers,0,57.0,11,4,6,1,0.6,637,530,83.2,117,520,103,9,13,23.1,8,5,12.5,40.0,8,10,0,14,1,0,21,0,38,76.9,41,39.0,13,10,76.9,20,6,30.0,8,19,1,48,2,13,2,0,1,3900518
Rennes,2,49.3,8,3,4,1,2.1,459,344,74.9,100,359,54,5,8,37.5,2,6,0.0,50.0,5,12,0,17,2,0,27,0,30,35.3,36,63.9,17,6,35.3,23,13,56.5,3,20,1,63,3,8,5,2,0,3900519
Bordeaux,2,50.7,8,5,3,0,2.3,513,391,76.2,115,398,59,4,9,33.3,3,6,0.0,50.0,2,21,0,13,2,0,27,0,53,51.7,36,33.3,29,15,51.7,11,8,72.7,6,21,0,50,0,8,3,2,0,3900519
Lyon,2,60.5,13,6,5,2,0.9,650,537,82.6,144,506,78,9,6,50.0,3,3,66.7,33.3,5,19,0,14,3,0,32,0,42,67.7,24,54.2,31,21,67.7,21,10,47.6,9,21,0,63,6,15,9,3,0,3900520
Montpellier,3,39.5,15,9,5,1,3.0,353,259,73.4,106,247,52,10,9,33.3,3,6,66.7,16.7,2,14,0,19,4,0,32,0,33,75.0,24,45.8,20,15,75.0,25,14,56.0,9,21,1,62,4,13,6,2,0,3900520
Paris Saint-Germain,4,61.6,21,8,9,4,3.5,754,659,87.4,153,601,99,15,26,26.9,14,12,14.3,41.7,7,8,0,5,0,0,12,1,32,58.3,19,57.9,24,14,58.3,26,16,61.5,10,10,0,47,2,11,3,1,0,3900521
Troyes,1,38.4,11,3,3,5,0.5,435,335,77.0,103,332,61,7,9,11.1,4,5,25.0,0.0,2,8,0,8,1,0,12,0,32,47.6,19,42.1,21,10,47.6,18,6,33.3,13,22,1,54,4,21,8,4,0,3900521
Toulouse,2,40.5,11,6,3,2,2.2,447,351,78.5,97,350,62,6,7,42.9,1,6,0.0,50.0,3,8,0,15,2,0,29,1,42,63.3,20,40.0,30,19,63.3,23,11,47.8,4,20,0,65,4,8,4,0,1,3900522
OGC Nice,0,59.5,8,4,3,0,0.4,736,626,85.1,152,584,64,3,15,6.7,8,7,12.5,0.0,3,16,0,14,2,1,29,0,44,57.6,23,52.2,33,19,57.6,23,13,56.5,7,12,0,47,4,11,6,2,0,3900522
Stade de Reims,2,49.7,12,4,8,0,0.9,450,344,76.4,114,336,52,6,13,38.5,7,6,28.6,50.0,3,19,0,17,2,1,37,0,35,89.5,36,55.6,19,17,89.5,19,14,73.7,5,16,1,53,4,11,6,2,0,3900523
Rennes,2,50.3,11,6,4,1,1.1,500,388,77.6,136,364,37,8,7,14.3,5,2,20.0,0.0,2,14,0,22,4,0,37,0,43,68.2,37,43.2,22,15,68.2,16,9,56.2,9,18,0,61,2,12,4,2,0,3900523
Gazélec Ajaccio,1,46.6,18,3,13,2,1.2,519,387,74.6,162,357,70,15,19,42.1,11,8,45.5,37.5,4,11,0,14,2,0,20,0,47,70.0,33,48.5,30,21,70.0,7,7,100.0,12,16,2,59,1,5,2,1,0,3900524
Lorient,1,53.4,5,2,2,1,1.0,618,498,80.6,171,447,52,2,13,15.4,7,6,0.0,33.3,3,16,0,8,1,0,20,0,25,57.1,35,48.6,7,4,57.1,26,16,61.5,9,21,0,61,2,18,3,1,0,3900524
Nantes,0,55.2,15,4,7,4,1.0,524,416,79.4,137,387,78,13,21,38.1,7,14,28.6,42.9,7,12,0,24,2,1,34,0,30,50.0,49,67.3,14,7,50.0,19,12,63.2,2,9,0,51,2,6,2,0,1,3900525
Bastia,0,44.8,6,2,4,0,0.3,401,292,72.8,128,273,27,2,3,33.3,1,2,0.0,50.0,1,23,0,12,1,0,34,0,52,47.1,50,30.0,17,8,47.1,9,6,66.7,3,34,0,42,4,15,4,0,1,3900525
Angers,2,48.6,9,5,1,3,1.2,464,357,76.9,122,342,49,6,5,40.0,2,3,50.0,33.3,1,13,0,22,2,0,33,0,45,63.2,59,55.9,19,12,63.2,13,8,61.5,10,39,1,54,1,8,1,0,1,3900526
Lille,0,51.4,8,1,4,3,0.5,512,390,76.2,133,379,49,4,10,20.0,1,9,0.0,22.2,4,22,0,13,3,1,33,0,56,73.9,57,42.1,23,17,73.9,22,12,54.5,5,22,0,62,3,9,5,2,0,3900526
Marseille,3,60.0,12,6,3,3,2.1,552,445,80.6,106,446,64,5,13,7.7,5,8,0.0,12.5,3,26,0,16,1,0,38,0,48,58.8,46,32.6,17,10,58.8,21,13,61.9,4,15,0,66,2,10,5,3,0,3900527
AS Monaco,3,40.0,10,5,4,1,1.6,312,205,65.7,82,230,42,4,10,30.0,6,4,33.3,25.0,4,16,0,24,3,0,38,0,34,61.1,45,64.4,18,11,61.1,11,6,54.5,9,30,0,48,3,12,6,3,0,3900527
Bordeaux,1,65.3,11,3,3,5,0.8,648,540,83.3,123,525,110,7,22,22.7,6,16,16.7,25.0,4,16,0,18,3,1,30,0,45,45.0,41,39.0,20,9,45.0,17,5,29.4,5,12,2,54,6,12,9,3,0,3900528
Caen,3,34.7,12,9,1,2,2.2,306,217,70.9,91,215,40,7,5,20.0,5,0,20.0,0.0,6,18,0,15,2,0,30,0,41,66.7,42,59.5,24,16,66.7,11,4,36.4,6,43,1,42,2,11,3,1,0,3900528
Saint-Étienne,3,52.7,11,8,1,2,2.7,409,299,73.1,91,318,50,5,10,60.0,5,5,60.0,60.0,4,18,0,25,2,1,43,1,36,52.9,49,61.2,17,9,52.9,9,3,33.3,3,38,3,41,4,14,4,0,1,3900529
Guingamp,0,47.3,14,4,8,2,1.6,323,203,62.8,100,223,52,10,13,30.8,5,8,0.0,50.0,3,24,0,19,3,0,43,0,48,55.6,49,38.8,18,10,55.6,12,6,50.0,5,8,0,41,5,11,8,3,0,3900529
Nantes,0,45.5,9,3,4,2,0.9,422,302,71.6,131,291,65,7,13,38.5,6,7,50.0,28.6,3,11,0,23,1,0,32,0,39,81.8,39,56.4,22,18,81.8,22,10,45.5,10,16,0,52,5,10,5,0,1,3900530
Lyon,0,54.5,10,5,4,1,0.6,605,510,84.3,133,472,45,9,8,25.0,5,3,40.0,0.0,1,29,0,10,2,0,32,0,44,76.2,40,42.5,21,16,76.2,13,8,61.5,7,25,0,52,3,9,3,0,1,3900530
Lorient,0,49.2,10,3,5,1,0.3,566,435,76.9,141,425,85,6,14,21.4,7,7,14.3,28.6,7,20,1,14,2,0,30,0,38,60.0,44,47.7,15,9,60.0,20,10,50.0,11,17,1,48,7,12,7,0,1,3900531
OGC Nice,0,50.8,12,7,3,2,1.1,562,422,75.1,160,402,49,8,13,15.4,12,1,16.7,0.0,2,15,0,17,5,0,30,0,40,47.4,44,52.3,19,9,47.4,13,6,46.2,8,29,1,49,3,10,3,0,1,3900531
Angers,0,30.8,8,1,6,1,0.3,277,185,66.8,79,198,28,3,10,20.0,3,7,0.0,28.6,3,11,0,9,0,0,14,0,33,50.0,29,41.4,16,8,50.0,16,9,56.2,5,29,2,42,3,12,3,0,1,3900532
Paris Saint-Germain,0,69.2,12,3,7,2,0.8,828,720,87.0,164,664,83,8,17,29.4,8,9,37.5,22.2,12,10,0,8,1,0,14,0,25,66.7,29,55.2,12,8,66.7,20,11,55.0,1,14,0,60,1,8,1,0,1,3900532
AS Monaco,1,59.0,11,6,5,0,1.0,650,512,78.8,161,489,95,9,16,25.0,11,5,18.2,40.0,4,15,0,10,0,0,25,0,49,45.5,61,37.7,11,5,45.5,17,7,41.2,2,25,1,45,2,9,3,1,0,3900533
Caen,1,41.0,9,3,3,3,0.5,418,277,66.3,139,279,43,6,18,22.2,10,8,40.0,0.0,4,13,0,18,2,0,25,0,47,50.0,61,62.3,24,12,50.0,6,2,33.3,8,26,0,44,5,11,6,1,0,3900533
Bastia,1,50.0,9,4,3,2,1.1,478,307,64.2,150,328,59,8,10,0.0,4,6,0.0,0.0,7,14,0,20,1,0,30,0,66,75.0,80,47.5,24,18,75.0,8,5,62.5,4,19,0,61,2,6,2,0,1,3900534
Bordeaux,0,50.0,6,2,3,1,0.3,499,366,73.3,111,388,52,5,7,0.0,0,7,0.0,0.0,6,23,0,13,1,0,30,0,54,37.5,78,51.3,16,6,37.5,14,5,35.7,7,34,0,64,3,9,4,1,0,3900534
Lille,1,48.8,15,5,5,5,0.5,378,265,70.1,113,265,81,12,14,28.6,7,7,42.9,14.3,6,27,1,14,1,0,40,0,55,65.4,58,50.0,26,17,65.4,15,6,40.0,9,36,0,57,0,9,0,0,1,3900535
Saint-Étienne,0,51.2,9,0,6,3,0.4,403,275,68.2,131,272,44,5,5,20.0,2,3,0.0,33.3,4,16,0,28,1,0,40,0,55,62.5,60,48.3,24,15,62.5,10,3,30.0,1,31,0,46,4,15,5,1,0,3900535
Montpellier,0,62.9,16,6,10,0,1.4,612,487,79.6,137,475,105,10,22,36.4,13,9,38.5,33.3,9,15,0,9,0,0,24,0,35,53.8,50,56.0,13,7,53.8,29,14,48.3,6,4,0,68,1,6,3,2,0,3900536
Gazélec Ajaccio,2,37.1,6,3,3,0,0.9,338,215,63.6,112,226,20,4,7,42.9,3,4,33.3,50.0,0,10,0,17,4,0,24,0,52,52.2,49,40.8,23,12,52.2,9,4,44.4,6,27,0,57,6,16,6,0,1,3900536
Troyes,0,60.8,18,7,6,5,0.8,623,509,81.7,149,474,108,15,16,25.0,11,5,27.3,20.0,10,17,0,13,1,1,29,0,39,72.0,41,65.9,25,18,72.0,21,13,61.9,3,10,0,65,5,11,8,3,0,3900537
Toulouse,3,39.2,11,8,3,0,1.9,372,277,74.5,86,286,66,6,9,33.3,4,5,50.0,20.0,6,12,0,17,2,1,29,0,55,75.0,40,32.5,28,21,75.0,22,12,54.5,6,30,1,51,7,18,7,0,1,3900537
Guingamp,1,55.2,8,2,2,4,0.5,449,332,73.9,112,337,56,3,14,14.3,3,11,33.3,9.1,4,27,1,22,3,1,48,0,51,75.0,68,54.4,20,15,75.0,11,9,81.8,4,17,2,47,2,6,4,2,0,3900538
Stade de Reims,2,44.8,6,4,2,0,1.1,377,275,72.9,104,273,24,3,2,100.0,2,0,100.0,0.0,0,24,0,27,4,1,48,0,51,71.4,68,45.6,14,10,71.4,11,6,54.5,3,25,1,42,1,8,2,1,0,3900538
Rennes,0,49.9,10,1,4,5,0.7,498,386,77.5,125,373,75,6,13,23.1,9,4,22.2,25.0,5,14,1,20,4,0,31,0,37,50.0,27,59.3,26,13,50.0,22,12,54.5,8,10,1,56,4,11,5,1,0,3900539
Marseille,1,50.1,11,5,4,2,0.8,496,399,80.4,117,379,53,8,11,27.3,6,5,16.7,40.0,3,23,0,11,1,0,31,0,41,52.0,27,40.7,25,13,52.0,14,8,57.1,9,25,0,57,1,10,1,0,1,3900539
OGC Nice,0,36.2,7,2,4,1,0.3,436,341,78.2,86,350,28,5,5,0.0,2,3,0.0,0.0,3,15,0,9,0,1,19,0,41,56.5,23,21.7,23,13,56.5,9,6,66.7,6,9,1,35,3,16,6,3,0,3900540
Paris Saint-Germain,3,63.8,16,6,6,4,3.2,787,703,89.3,163,624,66,8,19,57.9,7,12,42.9,66.7,2,8,1,12,2,0,19,1,23,77.8,23,78.3,18,14,77.8,16,6,37.5,10,10,0,46,2,7,2,0,1,3900540
Bastia,1,48.1,5,2,2,1,0.3,464,329,70.9,146,318,61,3,13,15.4,6,7,16.7,14.3,2,15,0,14,2,0,24,0,59,81.8,68,45.6,22,18,81.8,8,3,37.5,5,34,0,39,0,7,2,2,0,3900541
AS Monaco,2,51.9,7,2,3,2,2.4,448,335,74.8,111,337,62,4,8,50.0,5,3,40.0,66.7,3,13,0,14,0,0,24,0,45,66.7,69,52.2,12,8,66.7,26,18,69.2,5,26,0,46,1,5,2,1,0,3900541
Caen,1,53.7,15,5,4,6,1.2,446,281,63.0,142,304,109,7,21,9.5,8,13,0.0,15.4,14,13,0,17,2,0,34,1,47,66.7,54,51.9,21,14,66.7,7,5,71.4,4,16,0,60,2,12,4,2,0,3900542
Lille,2,46.3,12,4,4,4,1.5,403,293,72.7,102,301,42,8,8,25.0,6,2,33.3,0.0,2,17,0,17,1,0,34,0,46,58.8,54,46.3,17,10,58.8,9,4,44.4,6,49,0,37,4,15,5,1,0,3900542
Stade de Reims,1,54.7,11,4,5,2,1.3,601,504,83.9,152,449,81,7,13,38.5,8,5,50.0,20.0,7,13,0,9,1,0,21,0,46,50.0,44,45.5,22,11,50.0,17,7,41.2,7,26,0,54,2,14,3,1,0,3900543
Troyes,1,45.3,14,3,8,3,0.8,441,330,74.8,125,316,58,9,15,26.7,9,6,22.2,33.3,2,9,0,14,1,0,21,0,51,50.0,44,52.3,30,15,50.0,20,10,50.0,6,44,0,61,3,11,4,1,0,3900543
Toulouse,2,54.3,20,3,11,6,3.2,562,422,75.1,125,437,97,9,18,27.8,12,6,8.3,66.7,10,17,0,18,1,0,37,0,48,58.3,49,51.0,24,14,58.3,21,8,38.1,5,14,0,76,1,5,4,3,0,3900544
Lorient,3,45.7,5,4,0,1,0.5,464,328,70.7,120,344,37,1,8,37.5,4,4,25.0,50.0,2,18,0,20,2,0,37,0,53,39.3,49,49.0,28,11,39.3,24,13,54.2,6,39,0,48,1,20,3,2,0,3900544
Lyon,0,57.9,14,1,7,6,0.9,674,579,85.9,124,550,87,12,18,38.9,10,8,50.0,25.0,7,8,0,17,2,0,26,0,45,50.0,37,48.6,26,13,50.0,11,6,54.5,4,21,0,64,4,9,6,2,0,3900545
Angers,2,42.1,9,6,3,0,0.7,411,312,75.9,104,307,46,5,10,40.0,3,7,100.0,14.3,1,16,1,10,1,0,26,0,41,59.1,37,48.6,22,13,59.1,20,11,55.0,13,24,0,54,1,14,1,0,1,3900545
Gazélec Ajaccio,1,52.7,26,8,11,7,1.7,496,352,71.0,164,332,111,18,37,54.1,23,14,56.5,50.0,5,21,1,11,2,0,28,0,49,77.8,69,55.1,18,14,77.8,13,4,30.8,10,25,0,64,2,11,3,1,0,3900546
Nantes,1,47.3,11,3,5,3,1.4,375,244,65.1,127,248,33,7,10,50.0,4,6,75.0,33.3,2,12,0,22,2,0,28,0,62,56.5,70,44.3,23,13,56.5,13,11,84.6,4,55,1,65,7,26,8,1,0,3900546
Marseille,2,62.6,14,8,2,4,1.5,619,522,84.3,130,489,74,8,24,25.0,14,10,7.1,50.0,6,15,0,12,2,0,24,0,27,50.0,20,65.0,20,10,50.0,9,2,22.2,7,25,0,63,0,6,2,2,0,3900547
Montpellier,2,37.4,6,2,4,0,0.7,340,232,68.2,100,240,40,2,5,0.0,1,4,0.0,0.0,3,11,0,14,1,0,24,0,33,75.0,20,35.0,20,15,75.0,13,7,53.8,9,28,0,55,6,14,8,2,0,3900547
Bordeaux,1,59.3,14,4,5,5,0.8,576,447,77.6,173,403,76,12,19,15.8,8,11,12.5,18.2,4,20,0,10,0,0,28,0,52,45.5,56,46.4,22,10,45.5,10,7,70.0,4,17,1,54,1,9,1,0,1,3900548
Guingamp,0,40.7,9,1,4,3,0.7,391,262,67.0,120,271,45,5,11,27.3,3,8,33.3,25.0,2,16,0,19,2,0,28,0,46,66.7,58,51.7,18,12,66.7,16,7,43.8,7,25,1,41,3,14,4,1,0,3900548
Saint-Étienne,1,55.4,14,4,6,4,1.6,546,415,76.0,114,432,107,9,19,26.3,7,12,28.6,25.0,12,9,0,15,2,0,28,1,38,76.5,41,48.8,17,13,76.5,10,5,50.0,6,19,0,58,2,5,3,1,0,3900549
Rennes,1,44.6,5,3,0,2,0.5,440,336,76.4,106,334,42,2,5,40.0,1,4,100.0,25.0,3,19,0,15,2,0,28,0,39,47.1,42,47.6,17,8,47.1,11,8,72.7,7,37,0,47,3,14,4,1,0,3900549
Rennes,1,63.3,22,7,10,5,1.7,663,555,83.7,162,501,111,17,24,29.2,13,11,23.1,36.4,12,10,0,7,1,0,17,0,28,56.2,36,66.7,16,9,56.2,25,17,68.0,6,17,0,46,2,12,3,1,0,3900550
Caen,1,36.7,12,3,2,7,1.0,308,203,65.9,103,205,45,8,11,27.3,6,5,33.3,20.0,7,10,1,10,0,1,17,0,44,55.0,36,33.3,20,11,55.0,12,7,58.3,5,32,3,38,6,22,7,1,0,3900550
Lille,3,50.9,16,7,6,3,1.9,523,414,79.2,121,402,66,12,13,38.5,7,6,42.9,33.3,3,11,0,14,2,0,24,0,37,77.3,31,51.6,22,17,77.3,20,10,50.0,7,18,0,54,3,11,3,0,1,3900551
Lorient,0,49.1,11,3,6,2,0.4,527,430,81.6,141,386,52,7,6,16.7,5,1,20.0,0.0,6,14,0,11,2,0,24,0,37,70.0,30,43.3,20,14,70.0,19,11,57.9,7,22,0,47,4,16,7,3,0,3900551
Montpellier,2,62.7,9,6,3,0,1.5,655,543,82.9,159,496,76,5,18,11.1,13,5,7.7,20.0,1,23,0,17,1,0,35,0,45,56.0,38,47.4,25,14,56.0,23,9,39.1,2,15,0,60,2,8,3,1,0,3900552
Guingamp,1,37.3,8,3,3,2,0.3,322,201,62.4,119,203,41,5,12,16.7,4,8,25.0,12.5,5,15,0,21,2,1,35,0,52,70.6,38,52.6,34,24,70.6,23,9,39.1,7,27,0,51,4,9,6,2,0,3900552
Stade de Reims,1,40.5,17,5,10,1,2.0,418,298,71.3,106,312,44,8,16,43.8,7,9,57.1,33.3,3,16,0,13,2,1,27,0,49,68.0,44,45.5,25,17,68.0,19,12,63.2,11,12,2,58,2,7,3,1,0,3900553
OGC Nice,1,59.5,7,3,4,0,0.7,685,572,83.5,100,585,28,6,11,36.4,7,4,28.6,50.0,2,13,0,15,1,0,27,0,37,56.2,44,52.3,16,9,56.2,19,10,52.6,6,22,0,44,4,17,5,1,0,3900553
Troyes,1,55.1,17,3,10,4,1.0,505,406,80.4,127,378,87,12,12,58.3,9,3,55.6,66.7,10,23,0,13,1,0,32,0,38,69.2,51,51.0,13,9,69.2,18,9,50.0,6,31,1,42,2,11,3,1,0,3900554
Bastia,1,44.9,11,3,7,1,0.5,402,284,70.6,128,274,60,8,15,26.7,8,7,25.0,28.6,5,12,0,22,4,0,32,0,47,52.6,52,46.2,19,10,52.6,9,7,77.8,6,26,1,49,2,17,3,1,0,3900554
Nantes,1,56.5,15,2,9,4,1.0,517,391,75.6,138,379,88,10,17,23.5,8,9,37.5,11.1,4,18,0,19,2,0,36,0,46,59.3,34,44.1,27,16,59.3,15,8,53.3,7,19,0,73,2,6,3,1,0,3900555
Toulouse,1,43.5,6,3,1,2,0.6,375,262,69.9,111,264,32,4,6,16.7,3,3,33.3,0.0,1,18,0,18,3,0,36,0,41,53.8,34,55.9,26,14,53.8,21,11,52.4,7,29,1,44,1,15,2,1,0,3900555
Angers,1,48.9,7,3,3,1,1.2,504,384,76.2,115,389,61,5,12,16.7,9,3,22.2,0.0,5,9,0,15,0,0,22,0,43,43.5,39,48.7,23,10,43.5,8,4,50.0,7,13,0,41,1,3,2,1,0,3900556
Bordeaux,1,51.1,3,2,1,0,0.5,569,450,79.1,124,445,55,2,13,23.1,6,7,33.3,14.3,4,15,0,9,2,0,22,0,34,73.3,39,51.3,15,11,73.3,21,12,57.1,7,33,0,45,2,7,3,1,0,3900556
Paris Saint-Germain,5,62.6,11,8,3,0,2.7,699,603,86.3,166,533,36,5,8,37.5,4,4,0.0,75.0,6,9,0,16,2,0,23,1,30,57.1,20,55.0,21,12,57.1,17,9,52.9,10,13,1,39,2,9,3,1,0,3900557
Lyon,1,37.4,9,3,5,1,0.2,412,304,73.8,88,324,35,4,4,25.0,0,4,0.0,25.0,1,18,1,10,1,0,23,0,34,65.2,20,45.0,23,15,65.2,18,8,44.4,6,17,1,48,3,11,8,5,0,3900557
AS Monaco,1,52.0,10,4,6,0,1.6,440,315,71.6,132,308,79,9,23,13.0,8,15,12.5,13.3,10,19,0,22,3,0,36,0,48,55.6,61,50.8,18,10,55.6,16,6,37.5,5,24,0,59,0,5,0,0,1,3900558
Saint-Étienne,0,48.0,5,0,2,3,0.4,421,303,72.0,120,301,37,4,8,25.0,7,1,14.3,100.0,5,22,0,17,3,1,36,0,53,76.2,61,47.5,21,16,76.2,11,6,54.5,3,43,0,53,3,10,4,1,0,3900558
Marseille,1,54.6,11,3,6,1,1.5,568,463,81.5,125,443,62,8,16,18.8,7,9,28.6,11.1,2,28,1,13,1,1,39,0,30,35.7,33,51.5,14,5,35.7,32,16,50.0,8,16,0,71,1,10,2,1,0,3900559
Gazélec Ajaccio,1,45.4,10,2,4,4,1.2,464,356,76.7,151,313,56,3,10,20.0,4,6,50.0,0.0,3,15,1,27,4,0,39,1,52,45.7,32,46.9,35,16,45.7,8,5,62.5,6,25,0,49,2,11,3,1,0,3900559
OGC Nice,1,54.5,10,5,3,2,0.6,563,456,81.0,144,419,58,4,11,9.1,5,6,0.0,16.7,9,15,0,20,2,0,34,0,35,50.0,33,48.5,18,9,50.0,17,12,70.6,5,23,0,47,5,10,5,0,1,3900560
Montpellier,0,45.5,10,5,1,4,0.7,452,352,77.9,116,336,62,7,14,14.3,8,6,12.5,16.7,9,20,0,15,2,0,34,0,35,55.6,33,48.5,18,10,55.6,17,9,52.9,7,21,0,45,4,10,5,1,0,3900560
Toulouse,1,41.3,7,4,1,2,1.1,357,244,68.3,102,255,39,4,7,28.6,3,4,0.0,50.0,2,11,0,22,3,1,32,0,46,72.4,33,48.5,29,21,72.4,19,11,57.9,4,42,0,54,4,24,5,1,0,3900561
Lille,1,58.7,24,5,11,8,1.4,573,439,76.6,138,435,94,16,22,27.3,14,8,21.4,37.5,8,19,0,11,1,0,32,0,39,43.5,33,51.5,23,10,43.5,17,13,76.5,8,10,0,55,3,7,4,1,0,3900561
Caen,0,30.8,9,1,4,4,1.3,281,175,62.3,87,194,48,3,7,28.6,6,1,16.7,100.0,7,14,0,10,3,0,21,1,27,68.8,23,52.2,16,11,68.8,19,4,21.1,11,18,4,41,7,18,10,3,0,3900562
Paris Saint-Germain,3,69.2,18,10,6,2,2.4,828,725,87.6,129,699,73,10,7,42.9,3,4,0.0,75.0,7,15,0,12,1,0,21,0,30,58.8,24,45.8,17,10,58.8,12,8,66.7,9,28,2,56,0,9,1,0,1,3900562
Guingamp,0,52.2,13,4,5,4,0.8,447,324,72.5,122,325,89,7,17,29.4,6,11,16.7,36.4,10,12,0,11,0,0,22,0,35,64.7,37,51.4,17,11,64.7,17,7,41.2,9,14,1,55,3,9,5,2,0,3900563
Rennes,2,47.8,9,5,3,1,1.0,444,345,77.7,113,331,35,6,4,0.0,2,2,0.0,0.0,3,14,0,13,2,0,22,0,38,42.1,36,47.2,19,8,42.1,14,7,50.0,4,30,0,40,4,13,4,0,1,3900563
Troyes,0,37.1,12,3,5,3,0.6,287,172,59.9,108,179,50,10,6,16.7,1,5,0.0,20.0,6,18,0,10,2,1,25,0,53,51.9,43,39.5,27,14,51.9,13,10,76.9,9,44,1,48,4,15,5,0,1,3900564
AS Monaco,0,62.9,15,5,6,4,1.3,607,473,77.9,162,445,140,10,39,17.9,24,15,16.7,20.0,15,10,0,16,3,0,25,1,31,78.6,42,59.5,14,11,78.6,12,6,50.0,6,14,2,53,3,12,3,0,1,3900564
Lorient,0,54.5,17,2,7,8,1.3,536,414,77.2,166,370,64,13,12,25.0,8,4,37.5,0.0,9,23,1,8,0,0,26,0,35,55.6,56,53.6,9,5,55.6,18,14,77.8,5,27,0,59,6,12,6,0,1,3900565
Nantes,0,45.5,12,6,5,1,0.7,411,288,70.1,140,271,64,11,15,33.3,8,7,25.0,42.9,7,7,0,19,2,0,26,0,49,52.6,54,44.4,19,10,52.6,7,4,57.1,4,30,0,58,2,17,2,0,1,3900565
Bastia,2,45.2,8,2,5,1,0.7,426,291,68.3,119,307,48,4,10,20.0,4,6,25.0,16.7,4,11,0,19,2,0,24,0,51,55.0,63,50.8,20,11,55.0,14,7,50.0,10,33,1,51,3,12,3,0,1,3900566
Stade de Reims,0,54.8,12,3,8,1,0.8,527,396,75.1,130,397,52,6,10,0.0,6,4,0.0,0.0,5,19,0,8,1,0,24,0,50,72.2,60,46.7,18,13,72.2,14,9,64.3,9,28,0,70,0,8,2,2,0,3900566
Bordeaux,1,43.8,10,3,5,2,1.2,399,295,73.9,109,290,35,4,9,22.2,7,2,14.3,50.0,3,17,2,13,2,0,26,0,55,74.2,44,45.5,31,23,74.2,17,8,47.1,9,32,1,45,3,6,4,1,0,3900567
Marseille,1,56.2,6,4,2,0,0.4,575,453,78.8,144,431,73,3,15,33.3,6,9,33.3,33.3,6,18,0,16,3,0,26,0,50,55.6,47,51.1,27,15,55.6,22,14,63.6,3,17,0,52,2,10,3,1,0,3900567
Gazélec Ajaccio,2,49.3,13,8,3,2,1.7,445,313,70.3,147,298,53,5,10,40.0,4,6,25.0,50.0,5,15,0,23,3,0,32,0,52,60.0,44,50.0,30,18,60.0,16,10,62.5,16,31,0,59,1,9,2,1,0,3900568
Lyon,1,50.7,9,2,4,3,1.1,543,395,72.7,131,412,69,7,11,45.5,3,8,66.7,37.5,2,24,0,12,0,0,32,0,47,63.6,47,46.8,22,14,63.6,16,9,56.2,11,16,1,61,6,13,8,2,0,3900568
Saint-Étienne,1,55.5,15,1,8,6,1.1,506,408,80.6,117,389,58,9,12,25.0,9,3,22.2,33.3,9,17,0,9,2,0,26,0,43,64.3,28,46.4,28,18,64.3,8,6,75.0,3,30,0,51,2,13,2,0,1,3900569
Angers,0,44.5,13,2,7,4,0.7,397,303,76.3,102,295,51,8,14,28.6,6,8,16.7,37.5,5,9,0,19,3,0,26,0,30,76.5,28,53.6,17,13,76.5,17,11,64.7,9,20,1,49,0,15,1,1,0,3900569
Paris Saint-Germain,2,67.9,13,3,3,7,1.8,934,829,88.8,131,803,100,9,18,27.8,4,14,0.0,35.7,8,22,0,10,1,0,30,0,33,70.0,32,59.4,20,14,70.0,11,6,54.5,2,8,1,39,0,5,0,0,1,3900570
Bastia,0,32.1,5,0,4,1,0.4,311,225,72.3,96,215,24,4,5,20.0,0,5,0.0,20.0,0,17,1,22,3,0,30,0,36,58.8,31,38.7,17,10,58.8,15,6,40.0,6,29,1,43,1,13,3,2,0,3900570
Rennes,2,51.9,12,5,5,2,0.8,572,462,80.8,116,456,67,8,9,22.2,4,5,25.0,20.0,5,13,0,9,0,0,20,0,31,50.0,23,43.5,18,9,50.0,26,14,53.8,10,13,0,58,1,6,2,1,0,3900571
Lorient,1,48.1,6,2,3,1,0.9,480,365,76.0,114,366,51,4,8,12.5,3,5,0.0,20.0,3,11,0,11,1,0,20,0,33,65.2,22,54.5,23,15,65.2,17,10,58.8,14,18,0,59,3,12,5,2,0,3900571
AS Monaco,2,55.2,13,6,5,2,1.7,557,414,74.3,145,412,64,7,16,25.0,9,7,33.3,14.3,6,21,0,19,2,0,38,1,57,73.1,56,44.6,26,19,73.1,24,11,45.8,8,20,1,57,0,10,2,2,0,3900572
Gazélec Ajaccio,2,44.8,10,2,7,1,0.4,460,318,69.1,117,343,35,8,7,57.1,4,3,75.0,33.3,1,18,1,23,3,0,38,0,57,51.7,59,52.5,29,15,51.7,14,8,57.1,12,38,1,58,4,13,6,2,0,3900572
Angers,2,57.3,13,5,5,3,0.9,585,470,80.3,137,448,48,8,8,25.0,3,5,0.0,40.0,7,9,0,7,0,0,15,0,39,52.9,46,52.2,17,9,52.9,10,6,60.0,3,31,0,59,3,17,3,0,1,3900573
Caen,0,42.7,17,3,8,6,0.8,391,278,71.1,104,287,68,9,12,25.0,6,6,16.7,33.3,8,6,0,8,2,0,15,0,39,53.3,45,46.7,15,8,53.3,14,6,42.9,9,25,1,57,3,13,5,2,0,3900573
Lyon,4,62.8,21,8,8,5,2.0,763,673,88.2,118,645,100,14,13,30.8,8,5,12.5,60.0,4,21,0,16,1,0,35,0,26,68.4,26,73.1,19,13,68.4,16,4,25.0,5,11,1,42,3,10,4,1,0,3900574
Troyes,1,37.2,10,4,5,1,0.5,335,242,72.2,97,238,28,6,6,33.3,4,2,25.0,50.0,1,17,0,22,1,0,35,0,48,65.5,26,26.9,29,19,65.5,21,11,52.4,8,22,0,59,4,21,8,4,0,3900574
Stade de Reims,1,50.1,8,3,3,2,0.4,463,331,71.5,119,344,63,6,15,33.3,10,5,30.0,40.0,2,15,1,20,2,1,33,0,49,57.1,50,58.0,28,16,57.1,22,11,50.0,5,14,0,47,0,8,3,3,0,3900575
Toulouse,3,49.9,8,3,3,2,1.6,448,322,71.9,102,346,49,4,6,33.3,1,5,100.0,20.0,1,19,0,16,4,0,33,0,49,57.9,51,41.2,19,11,57.9,19,8,42.1,7,27,0,57,2,8,3,1,0,3900575
Montpellier,0,53.7,12,4,6,2,1.8,539,410,76.1,147,392,67,9,20,35.0,8,12,25.0,41.7,8,13,0,14,1,0,25,0,32,78.6,47,61.7,14,11,78.6,18,13,72.2,11,31,3,68,2,13,3,1,0,3900576
Bordeaux,1,46.3,13,3,5,5,1.5,499,370,74.1,128,371,38,7,12,25.0,7,5,0.0,60.0,5,17,0,12,1,0,25,0,56,57.7,47,36.2,26,15,57.7,14,9,64.3,15,34,2,56,4,12,4,0,1,3900576
Marseille,0,63.8,15,3,7,5,0.8,642,533,83.0,139,503,74,9,16,25.0,5,11,20.0,27.3,8,18,0,22,1,0,37,0,30,88.9,35,65.7,18,16,88.9,16,5,31.2,6,14,0,57,1,8,1,0,1,3900577
Guingamp,0,36.2,8,1,7,0,0.3,324,222,68.5,98,226,29,5,8,12.5,5,3,0.0,33.3,0,20,0,16,1,0,37,0,49,57.7,35,34.3,26,15,57.7,9,3,33.3,10,20,0,38,3,15,3,0,1,3900577
Lille,1,42.1,10,3,6,1,0.7,382,275,72.0,95,287,57,6,14,21.4,5,9,20.0,22.2,2,22,0,22,2,0,40,0,44,81.8,38,42.1,22,18,81.8,18,13,72.2,5,27,2,47,2,9,3,1,0,3900578
OGC Nice,1,57.9,9,3,3,3,0.6,553,443,80.1,139,414,66,5,10,20.0,6,4,16.7,25.0,6,22,0,21,3,0,40,0,32,68.8,38,57.9,16,11,68.8,10,3,30.0,8,32,1,50,2,10,3,1,0,3900578
Nantes,2,51.0,18,6,6,6,1.7,437,315,72.1,118,319,86,11,29,24.1,19,10,15.8,40.0,6,18,0,18,1,0,35,0,41,57.1,49,44.9,14,8,57.1,9,3,33.3,5,19,0,53,1,9,2,1,0,3900579
Saint-Étienne,1,49.0,9,2,4,3,1.3,415,299,72.0,114,301,53,5,10,40.0,8,2,50.0,0.0,6,18,0,18,2,0,35,1,42,57.9,49,53.1,19,11,57.9,14,5,35.7,4,29,0,40,4,18,6,2,0,3900579
OGC Nice,2,62.0,11,5,2,4,1.9,693,585,84.4,136,557,86,7,14,14.3,8,6,12.5,16.7,6,16,0,10,1,0,25,1,42,56.5,36,47.2,23,13,56.5,21,16,76.2,6,13,0,48,3,9,4,1,0,3900580
Angers,1,38.0,9,4,2,3,0.7,389,282,72.5,106,283,33,6,7,42.9,3,4,66.7,25.0,3,11,0,19,2,0,25,0,38,38.1,36,52.8,21,8,38.1,19,8,42.1,6,24,1,56,3,11,5,2,0,3900580
Bordeaux,1,56.9,14,3,3,8,0.8,579,461,79.6,140,439,67,10,17,35.3,10,7,20.0,57.1,8,20,0,18,2,0,35,0,44,60.0,37,48.6,25,15,60.0,15,6,40.0,6,17,1,54,7,10,7,0,1,3900581
Lille,0,43.1,10,7,1,2,0.3,450,343,76.2,106,344,31,4,5,0.0,3,2,0.0,0.0,1,17,0,18,1,0,35,0,39,50.0,37,48.6,20,10,50.0,22,10,45.5,9,19,0,60,2,14,3,1,0,3900581
Gazélec Ajaccio,2,58.1,19,4,12,3,2.3,578,413,71.5,167,411,81,15,22,40.9,13,9,53.8,22.2,4,11,0,15,2,0,24,0,49,53.8,51,54.9,26,14,53.8,7,6,85.7,5,24,1,77,2,10,4,2,0,3900582
Stade de Reims,2,41.9,10,4,3,3,0.5,414,267,64.5,117,297,56,4,9,11.1,5,4,20.0,0.0,2,15,0,10,0,0,24,0,48,60.0,51,45.1,20,12,60.0,22,11,50.0,6,41,2,56,2,19,4,2,0,3900582
Troyes,2,51.4,12,4,4,4,0.8,515,389,75.5,115,400,110,9,13,15.4,11,2,9.1,50.0,8,9,1,7,3,0,14,0,45,52.6,41,36.6,19,10,52.6,24,10,41.7,9,16,0,57,9,19,13,4,0,3900583
Rennes,4,48.6,19,13,3,3,3.1,537,421,78.4,136,401,76,10,9,22.2,7,2,28.6,0.0,7,6,0,7,1,0,14,2,33,41.2,41,61.0,17,7,41.2,17,12,70.6,8,24,1,52,2,12,4,2,0,3900583
Bastia,1,49.6,2,1,1,0,0.3,436,301,69.0,122,314,40,1,10,30.0,3,7,33.3,28.6,1,13,0,22,3,1,31,0,63,53.8,52,28.8,26,14,53.8,9,7,77.8,5,23,0,41,1,8,1,0,1,3900584
Montpellier,0,50.4,8,1,5,2,1.0,543,399,73.5,135,408,50,6,13,23.1,4,9,75.0,0.0,5,24,0,12,1,1,31,0,38,77.3,52,69.2,22,17,77.3,16,7,43.8,5,17,0,55,0,2,1,1,0,3900584
Toulouse,0,30.4,9,4,3,1,0.7,311,210,67.5,80,231,34,8,11,27.3,4,7,0.0,42.9,2,17,1,10,1,0,20,0,34,73.3,34,44.1,15,11,73.3,16,10,62.5,9,16,1,41,2,12,3,1,0,3900585
Paris Saint-Germain,1,69.6,12,3,7,2,0.9,883,779,88.2,169,714,66,7,14,7.1,7,7,14.3,0.0,7,11,0,10,0,0,20,0,29,71.4,34,55.9,14,10,71.4,11,6,54.5,5,15,2,42,4,9,4,0,1,3900585
Guingamp,2,41.7,9,4,2,3,1.0,373,240,64.3,120,253,77,4,14,7.1,6,8,0.0,12.5,7,19,0,10,3,0,24,0,57,50.0,54,42.6,26,13,50.0,14,7,50.0,10,36,0,54,0,9,1,1,0,3900586
Nantes,1,58.3,9,1,4,4,0.5,514,385,74.9,135,379,78,6,12,33.3,10,2,40.0,0.0,7,13,0,16,1,0,24,0,47,58.3,54,57.4,24,14,58.3,17,6,35.3,11,36,1,54,2,9,4,2,0,3900586
Saint-Étienne,1,34.5,9,2,3,4,0.6,276,172,62.3,108,168,27,4,4,50.0,3,1,33.3,100.0,2,15,0,27,3,0,36,0,40,66.7,42,40.5,15,10,66.7,6,2,33.3,8,25,1,30,5,19,5,0,1,3900587
Lyon,0,65.5,19,5,6,8,1.1,626,516,82.4,157,469,84,16,13,23.1,6,7,0.0,42.9,8,26,1,13,1,0,36,0,32,42.9,43,58.1,14,6,42.9,24,18,75.0,4,25,0,48,1,9,2,1,0,3900587
Lorient,0,51.6,8,2,4,2,0.7,565,449,79.5,141,424,74,6,14,28.6,12,2,33.3,0.0,3,16,0,17,2,0,28,0,43,61.9,37,40.5,21,13,61.9,32,16,50.0,9,21,0,62,2,6,4,2,0,3900588
AS Monaco,2,48.4,6,4,2,0,0.7,476,367,77.1,122,354,57,4,15,13.3,7,8,0.0,25.0,5,16,0,13,1,0,28,0,49,54.5,37,56.8,33,18,54.5,11,7,63.6,14,28,0,40,2,8,2,0,1,3900588
Caen,1,41.1,7,3,3,1,0.7,370,246,66.5,108,262,39,6,19,26.3,8,11,12.5,36.4,0,13,2,18,2,0,30,0,51,64.5,59,66.1,31,20,64.5,10,7,70.0,6,26,0,48,6,15,9,3,0,3900589
Marseille,3,58.9,15,9,5,1,2.1,568,438,77.1,127,441,56,11,8,25.0,7,1,28.6,0.0,4,22,0,15,0,0,30,0,61,54.5,59,33.9,22,12,54.5,19,14,73.7,7,30,0,73,2,7,3,1,0,3900589
Rennes,0,52.6,10,3,6,1,1.3,567,462,81.5,133,434,53,8,13,46.2,6,7,50.0,42.9,8,16,0,10,3,0,27,0,29,53.8,42,61.9,13,7,53.8,26,11,42.3,5,21,1,45,1,8,1,0,1,3900590
Gazélec Ajaccio,0,47.4,8,1,4,3,0.4,469,332,70.8,126,343,54,4,12,25.0,7,5,28.6,20.0,2,10,0,17,2,0,27,0,52,61.5,42,38.1,26,16,61.5,8,4,50.0,12,26,1,54,3,10,3,0,1,3900590
Paris Saint-Germain,5,67.1,16,10,5,1,2.2,946,855,90.4,123,823,43,8,8,37.5,1,7,0.0,42.9,3,9,0,8,0,0,19,0,31,65.2,17,52.9,23,15,65.2,9,5,55.6,8,10,0,41,3,11,4,1,0,3900591
Angers,1,32.9,11,4,6,1,0.4,420,326,77.6,79,341,34,5,4,0.0,2,2,0.0,0.0,1,13,0,11,1,0,19,0,28,63.2,17,47.1,19,12,63.2,16,9,56.2,17,12,2,44,5,16,10,5,0,3900591
Montpellier,1,61.0,16,2,7,7,1.2,681,545,80.0,148,533,90,11,16,31.2,2,14,0.0,35.7,5,16,0,8,1,0,19,0,45,66.7,50,46.0,18,12,66.7,25,10,40.0,11,21,0,55,2,9,4,2,0,3900592
Caen,2,39.0,9,4,2,3,0.8,395,257,65.1,116,279,48,6,14,28.6,6,8,33.3,25.0,4,7,0,13,0,0,19,0,47,62.5,50,54.0,24,15,62.5,8,3,37.5,6,31,1,59,1,16,2,1,0,3900592
Lille,1,55.0,22,5,10,7,2.0,577,454,78.7,127,450,110,14,21,19.0,11,10,9.1,30.0,9,6,0,12,2,0,18,1,40,65.4,35,60.0,26,17,65.4,19,12,63.2,12,8,0,46,1,7,4,3,0,3900593
Troyes,3,45.0,7,4,3,0,0.6,434,327,75.3,116,318,52,4,5,60.0,4,1,50.0,100.0,3,17,0,6,1,0,18,0,42,75.0,36,38.9,20,15,75.0,20,11,55.0,7,32,1,62,4,22,5,1,0,3900593
Nantes,2,39.3,9,2,5,2,1.0,342,202,59.1,107,235,40,5,6,50.0,4,2,25.0,100.0,4,18,0,19,1,0,31,0,75,46.2,84,41.7,26,12,46.2,11,6,54.5,10,37,0,42,4,8,5,1,0,3900594
Bordeaux,1,60.7,8,5,2,1,0.7,569,437,76.8,147,422,52,5,11,18.2,7,4,14.3,25.0,3,24,0,12,3,0,31,0,51,68.8,82,57.3,16,11,68.8,22,14,63.6,4,33,0,60,0,9,2,2,0,3900594
OGC Nice,2,53.7,8,2,5,1,0.6,662,568,85.8,122,540,57,3,12,25.0,8,4,25.0,25.0,4,16,0,18,1,0,35,0,46,71.4,37,51.4,28,20,71.4,16,12,75.0,8,13,0,34,3,13,4,1,0,3900595
Lorient,1,46.3,13,4,7,2,1.2,522,424,81.2,120,402,57,12,15,40.0,13,2,30.8,100.0,3,19,0,18,2,0,35,0,35,75.0,37,48.6,16,12,75.0,25,13,52.0,11,11,0,38,0,8,2,2,0,3900595
Guingamp,1,59.2,16,3,11,2,1.9,568,430,75.7,148,420,81,10,27,18.5,15,12,20.0,16.7,5,20,0,6,1,0,24,1,37,75.0,40,57.5,20,15,75.0,13,10,76.9,3,15,0,56,1,4,1,0,1,3900596
Bastia,0,40.8,4,1,3,0,0.2,369,258,69.9,116,253,24,4,6,16.7,3,3,33.3,0.0,0,8,0,19,1,1,24,0,41,47.1,40,40.0,17,8,47.1,15,7,46.7,7,42,2,45,2,16,3,1,0,3900596
Lyon,1,62.4,22,9,7,6,1.9,649,517,79.7,164,485,132,16,24,29.2,17,7,23.5,42.9,8,21,1,17,2,0,32,0,38,65.4,27,55.6,26,17,65.4,17,7,41.2,7,12,0,64,2,7,3,1,0,3900597
Marseille,1,37.6,7,3,3,1,0.8,337,227,67.4,103,234,37,4,11,18.2,7,4,14.3,25.0,2,19,0,19,1,0,32,0,34,61.1,28,42.9,18,11,61.1,22,12,54.5,13,26,2,53,8,22,9,1,0,3900597
AS Monaco,4,49.0,15,5,6,4,2.9,415,294,70.8,124,291,65,8,22,22.7,10,12,20.0,25.0,6,20,0,22,4,0,40,0,51,50.0,45,48.9,28,14,50.0,18,9,50.0,5,20,3,56,2,10,3,0,1,3900598
Toulouse,0,51.0,10,3,6,1,1.6,453,328,72.4,93,360,66,6,10,30.0,5,5,20.0,40.0,3,21,0,20,1,0,40,0,45,56.5,45,51.1,23,13,56.5,23,13,56.5,18,30,1,44,1,15,5,4,0,3900598
Stade de Reims,1,50.5,13,3,6,3,2.4,493,351,71.2,124,369,72,5,16,37.5,11,5,45.5,20.0,5,18,0,16,2,0,34,0,63,73.9,68,41.2,23,17,73.9,16,5,31.2,8,13,1,69,0,5,1,1,0,3900599
Saint-Étienne,1,49.5,5,1,1,3,0.4,519,377,72.6,117,402,50,2,6,16.7,4,2,25.0,0.0,1,17,0,19,1,0,34,0,62,54.5,68,57.4,33,18,54.5,9,5,55.6,3,35,0,63,2,13,3,1,0,3900599
Marseille,1,54.7,16,3,6,7,1.7,555,432,77.8,129,426,68,11,18,27.8,12,6,41.7,0.0,7,23,0,12,1,1,31,0,56,75.9,52,48.1,29,22,75.9,16,12,75.0,5,22,1,60,3,12,4,1,0,3900600
Lille,1,45.3,12,4,7,1,1.0,420,325,77.4,112,308,51,10,9,55.6,3,6,66.7,50.0,1,14,0,22,1,0,31,0,52,81.5,49,49.0,27,22,81.5,13,6,46.2,6,27,1,48,2,16,3,1,0,3900600
Gazélec Ajaccio,0,60.7,16,3,11,2,1.1,553,432,78.1,158,395,88,12,20,30.0,11,9,36.4,22.2,5,14,1,15,2,0,25,0,41,78.6,50,46.0,14,11,78.6,9,7,77.8,4,21,0,57,0,8,4,4,0,3900601
Montpellier,4,39.3,8,4,1,3,1.7,348,219,62.9,113,235,56,2,10,40.0,2,8,50.0,37.5,4,14,0,10,2,0,25,1,39,35.7,52,51.9,14,5,35.7,10,3,30.0,6,29,1,56,3,16,3,0,1,3900601
Lorient,2,44.3,9,4,3,2,1.4,413,316,76.5,129,284,43,5,8,25.0,5,3,20.0,33.3,6,19,1,16,3,0,30,0,24,66.7,45,60.0,6,4,66.7,16,8,50.0,7,41,0,50,4,12,4,0,1,3900602
Stade de Reims,0,55.7,12,4,7,1,1.6,517,389,75.2,172,345,55,10,16,37.5,10,6,40.0,33.3,6,17,0,18,2,0,30,0,44,73.3,47,38.3,15,11,73.3,9,6,66.7,4,17,0,42,2,9,4,2,0,3900602
Toulouse,1,58.3,14,6,6,2,2.3,575,448,77.9,124,451,89,10,13,38.5,9,4,55.6,0.0,6,17,0,20,2,1,35,0,39,93.3,44,45.5,15,14,93.3,18,11,61.1,7,16,0,52,2,6,4,2,0,3900603
Guingamp,2,41.7,6,4,2,0,1.0,338,214,63.3,112,226,46,3,8,12.5,7,1,0.0,100.0,5,20,0,20,3,0,35,0,48,55.6,41,48.8,27,15,55.6,5,3,60.0,7,18,2,40,4,14,6,1,0,3900603
Angers,3,43.1,19,7,6,3,2.5,430,329,76.5,119,311,47,10,13,46.2,9,4,55.6,25.0,5,13,0,16,2,0,24,0,36,85.7,41,46.3,14,12,85.7,25,12,48.0,8,30,0,47,4,9,4,0,1,3900604
AS Monaco,0,56.9,9,4,4,1,0.5,585,472,80.7,166,419,64,6,12,16.7,5,7,0.0,28.6,5,17,1,10,2,0,24,0,37,55.6,41,53.7,18,10,55.6,10,7,70.0,3,21,0,45,4,19,7,3,0,3900604
Bastia,1,36.4,7,3,3,1,0.7,277,159,57.4,103,174,26,4,11,36.4,6,5,50.0,20.0,1,20,0,16,3,1,33,0,48,61.5,42,47.6,26,16,61.5,21,13,61.9,2,20,0,57,2,9,2,0,1,3900605
Lyon,0,63.6,9,2,5,2,1.0,670,548,81.8,136,534,96,7,13,23.1,6,7,33.3,14.3,6,16,0,17,1,0,33,0,40,61.1,43,48.8,18,11,61.1,18,8,44.4,3,14,0,47,2,7,3,1,0,3900605
Troyes,0,52.5,13,5,5,3,0.8,564,453,80.3,146,418,74,7,17,11.8,11,6,18.2,0.0,5,18,0,15,1,0,29,0,43,61.1,44,43.2,18,11,61.1,12,7,58.3,7,20,1,62,2,10,3,1,0,3900606
Nantes,1,47.5,10,3,3,4,0.8,540,423,78.3,123,417,70,6,13,38.5,10,3,40.0,33.3,4,14,0,16,2,0,29,0,40,55.0,45,55.6,20,11,55.0,8,7,87.5,7,32,0,50,5,13,5,0,1,3900606
Caen,2,30.5,9,4,3,2,1.8,243,162,66.7,88,155,35,7,8,37.5,5,3,20.0,66.7,3,14,0,14,1,0,28,1,36,66.7,30,40.0,18,12,66.7,13,6,46.2,4,47,0,52,6,16,6,0,1,3900608
OGC Nice,0,69.5,16,6,7,3,2.3,710,599,84.4,142,568,119,10,18,38.9,13,5,30.8,60.0,15,13,0,15,1,0,28,0,29,70.6,30,60.0,17,12,70.6,19,11,57.9,2,16,0,60,2,9,4,2,0,3900608
Bordeaux,4,52.3,21,7,11,2,1.8,533,434,81.4,132,401,79,12,14,28.6,6,8,16.7,37.5,3,14,0,12,2,0,26,0,37,70.6,50,60.0,17,12,70.6,18,12,66.7,7,20,1,59,3,8,3,0,1,3900609
Rennes,0,47.7,8,3,2,3,0.6,533,430,80.7,130,403,39,6,7,28.6,4,3,50.0,0.0,5,10,0,15,1,0,26,0,45,85.7,51,39.2,14,12,85.7,15,6,40.0,3,24,1,43,3,21,7,4,0,3900609
Montpellier,0,45.3,12,3,7,2,0.5,439,330,75.2,118,321,63,9,13,30.8,8,5,37.5,20.0,6,14,1,23,2,0,38,0,29,42.9,32,75.0,21,9,42.9,14,8,57.1,11,18,2,43,0,4,1,1,0,3900610
Marseille,1,54.7,4,1,1,2,0.2,548,438,79.9,102,446,43,2,7,0.0,6,1,0.0,0.0,5,21,0,18,2,1,38,0,47,78.3,32,25.0,23,18,78.3,26,12,46.2,7,24,0,44,3,12,3,0,1,3900610
AS Monaco,1,52.9,7,4,3,0,1.1,591,456,77.2,137,454,73,5,22,31.8,8,14,37.5,28.6,4,11,0,13,2,0,27,0,45,57.1,49,51.0,21,12,57.1,21,14,66.7,6,17,0,50,3,11,3,0,1,3900611
Bastia,0,47.1,11,3,3,5,0.3,523,389,74.4,149,374,29,5,10,30.0,5,5,20.0,40.0,1,21,0,14,1,0,27,0,38,38.5,48,47.9,13,5,38.5,20,14,70.0,10,16,1,56,3,7,4,1,0,3900611
Guingamp,4,52.5,12,5,4,2,2.0,551,427,77.5,161,390,55,8,12,41.7,7,5,42.9,40.0,3,13,0,11,1,0,24,0,37,68.8,39,46.2,16,11,68.8,10,7,70.0,5,18,2,30,4,15,4,0,1,3900612
Troyes,0,47.5,15,4,7,4,1.1,490,375,76.5,121,369,61,13,11,27.3,8,3,12.5,66.7,8,18,0,14,3,0,24,0,36,64.7,39,51.3,17,11,64.7,12,5,41.7,4,13,1,39,1,12,5,4,0,3900612
OGC Nice,1,61.0,12,2,4,6,1.5,700,585,83.6,151,549,80,8,15,26.7,7,8,28.6,25.0,7,10,0,10,1,0,19,0,48,61.5,46,52.2,26,16,61.5,21,10,47.6,7,24,0,64,1,7,1,0,1,3900613
Toulouse,0,39.0,7,1,5,1,0.7,449,323,71.9,103,346,65,5,11,36.4,4,7,75.0,14.3,4,10,0,10,1,0,19,0,49,54.2,47,46.8,24,13,54.2,17,11,64.7,10,21,0,56,1,12,2,1,0,3900613
Lille,1,58.7,12,6,2,4,0.6,604,479,79.3,108,496,102,10,11,18.2,5,6,20.0,16.7,8,19,0,21,0,0,34,0,31,33.3,41,61.0,15,5,33.3,29,16,55.2,12,19,0,56,2,10,2,0,1,3900614
Caen,0,41.3,10,2,5,3,0.5,358,229,64.0,104,254,48,7,14,14.3,7,7,14.3,14.3,4,19,1,16,2,1,34,0,43,55.6,41,39.0,18,10,55.6,16,11,68.8,6,19,0,63,5,12,6,1,0,3900614
Nantes,3,53.8,15,8,5,2,1.9,545,437,80.2,130,415,57,7,17,29.4,13,4,30.8,25.0,4,22,0,15,1,0,34,0,43,66.7,47,40.4,15,10,66.7,9,5,55.6,3,13,0,51,1,4,2,1,0,3900615
Gazélec Ajaccio,1,46.2,4,2,0,2,0.5,429,318,74.1,134,295,39,3,5,20.0,1,4,0.0,25.0,1,21,0,19,1,1,34,0,39,50.0,44,56.8,20,10,50.0,12,4,33.3,4,15,0,37,5,15,8,3,0,3900615
Lyon,3,55.6,17,6,5,6,2.1,544,424,77.9,124,420,87,11,14,21.4,10,4,10.0,50.0,3,16,1,9,2,0,23,0,56,45.8,64,50.0,24,11,45.8,18,8,44.4,6,27,0,52,3,12,3,0,1,3900616
Bordeaux,0,44.4,12,3,6,3,1.1,407,274,67.3,107,300,46,8,12,25.0,7,5,14.3,40.0,8,10,0,14,3,0,23,0,69,52.8,65,49.2,36,19,52.8,19,9,47.4,12,21,1,60,3,17,6,3,0,3900616
Stade de Reims,2,55.7,14,4,4,6,0.7,498,379,76.1,128,370,91,8,8,37.5,4,4,25.0,50.0,8,18,0,10,0,0,25,0,56,50.0,55,30.9,18,9,50.0,15,6,40.0,7,31,0,62,4,12,5,1,0,3900617
Angers,1,44.3,12,5,6,1,1.3,393,279,71.0,112,281,48,9,9,22.2,2,7,50.0,14.3,5,14,0,16,3,1,25,0,47,48.1,57,64.9,27,13,48.1,6,3,50.0,7,33,0,48,2,14,4,2,0,3900617
Paris Saint-Germain,3,60.4,16,7,6,3,2.1,784,681,86.9,148,636,69,10,14,14.3,9,5,11.1,20.0,4,13,0,12,1,0,26,0,25,50.0,17,70.6,20,10,50.0,13,5,38.5,8,12,1,59,3,11,4,1,0,3900618
Lorient,1,39.6,11,4,3,4,0.7,477,382,80.1,102,375,68,7,7,14.3,6,1,16.7,0.0,7,11,0,16,1,0,26,0,28,50.0,17,29.4,16,8,50.0,18,9,50.0,7,25,1,41,4,16,7,3,0,3900618
Rennes,0,49.9,5,0,3,2,0.7,488,366,75.0,112,376,36,4,8,37.5,2,6,0.0,50.0,4,17,0,9,2,0,24,0,37,60.9,40,65.0,23,14,60.9,15,5,33.3,6,35,0,36,3,13,4,1,0,3900619
Saint-Étienne,1,50.1,13,4,7,2,0.4,509,378,74.3,125,384,77,7,18,27.8,12,6,41.7,0.0,8,10,0,18,2,0,24,0,47,78.9,42,33.3,19,15,78.9,16,6,37.5,3,15,1,62,0,5,0,0,1,3900619
Caen,0,51.5,16,4,9,3,1.4,436,305,70.0,138,298,58,10,14,21.4,8,6,25.0,16.7,6,13,0,13,3,0,23,0,56,67.9,55,49.1,28,19,67.9,16,7,43.8,10,21,0,68,3,12,5,2,0,3900620
Stade de Reims,2,48.5,12,5,7,0,1.5,410,295,72.0,101,309,40,8,9,44.4,8,1,50.0,0.0,2,13,0,13,2,0,23,0,48,71.4,55,50.9,21,15,71.4,20,15,75.0,4,45,0,69,4,16,4,0,1,3900620
Toulouse,0,50.4,9,2,5,2,0.5,484,349,72.1,118,366,62,6,10,30.0,3,7,33.3,28.6,5,23,0,17,1,0,42,0,44,70.6,51,47.1,17,12,70.6,27,14,51.9,6,26,0,59,6,16,6,0,1,3900621
Nantes,0,49.6,16,6,6,4,1.6,462,347,75.1,127,335,77,12,16,37.5,10,6,50.0,16.7,7,18,0,27,2,0,42,0,47,56.5,50,52.0,23,13,56.5,12,9,75.0,12,33,0,46,2,9,2,0,1,3900621
Bastia,2,44.8,11,5,5,1,1.7,410,287,70.0,120,290,76,5,14,28.6,5,9,20.0,33.3,8,12,0,9,0,1,24,1,32,37.5,46,47.8,8,3,37.5,14,9,64.3,7,14,0,49,1,11,1,0,1,3900622
Troyes,0,55.2,11,1,6,3,0.5,568,455,80.1,118,450,49,9,5,0.0,3,2,0.0,0.0,6,10,0,17,2,2,24,0,38,43.8,46,52.2,16,7,43.8,14,8,57.1,9,22,0,36,3,11,5,2,0,3900622
Lorient,1,48.6,6,4,1,1,0.5,548,402,73.4,141,407,83,5,10,0.0,7,3,0.0,0.0,7,8,0,12,1,1,20,0,38,68.4,27,29.6,19,13,68.4,19,11,57.9,12,15,1,55,5,11,6,1,0,3900623
Montpellier,1,51.4,11,6,3,2,0.7,567,463,81.7,129,438,65,7,16,12.5,10,6,0.0,33.3,1,13,0,11,1,0,20,0,30,50.0,27,70.4,22,11,50.0,20,12,60.0,14,22,1,44,3,6,4,1,0,3900623
Angers,0,37.1,6,0,5,1,0.6,366,260,71.0,125,241,49,5,9,33.3,4,5,25.0,40.0,2,20,0,9,0,1,27,0,35,68.2,31,58.1,22,15,68.2,10,5,50.0,11,11,0,41,0,9,3,3,0,3900624
Lyon,3,62.9,9,3,2,4,0.5,727,618,85.0,156,571,77,5,6,33.3,4,2,50.0,0.0,6,11,0,18,1,0,27,0,39,61.9,30,40.0,21,13,61.9,20,15,75.0,5,19,1,58,0,6,0,0,1,3900624
AS Monaco,1,37.1,8,4,4,0,1.5,342,238,69.6,112,230,56,5,12,41.7,6,6,50.0,33.3,5,16,0,17,2,0,31,0,55,43.5,58,44.8,23,10,43.5,16,7,43.8,2,37,0,58,3,13,3,0,1,3900625
OGC Nice,0,62.9,13,3,4,6,0.6,706,580,82.2,144,562,73,10,20,35.0,13,7,38.5,28.6,7,15,0,16,5,0,31,0,49,69.6,58,55.2,23,16,69.6,21,13,61.9,3,15,0,67,3,8,4,1,0,3900625
Gazélec Ajaccio,0,64.9,16,2,10,4,1.1,609,483,79.3,179,430,90,12,21,28.6,10,11,20.0,36.4,4,9,0,16,1,0,26,0,53,68.2,65,52.3,22,15,68.2,13,4,30.8,6,15,0,65,0,3,0,0,1,3900626
Guingamp,0,35.1,3,0,3,0,0.0,286,161,56.3,93,193,33,0,3,0.0,2,1,0.0,0.0,2,15,0,10,0,1,26,0,52,75.0,64,43.8,16,12,75.0,19,10,52.6,7,46,0,46,2,16,2,0,1,3900626
Bordeaux,1,57.6,10,3,3,4,0.9,514,397,77.2,124,390,71,4,19,21.1,11,8,9.1,37.5,3,22,1,18,3,0,35,0,27,50.0,39,46.2,6,3,50.0,23,12,52.2,3,13,0,56,3,14,7,4,0,3900627
Saint-Étienne,4,42.4,14,7,4,2,2.7,371,242,65.2,109,262,32,6,5,40.0,4,1,50.0,0.0,4,18,0,19,1,0,35,1,44,53.8,39,53.8,26,14,53.8,7,5,71.4,5,30,0,50,2,10,3,1,0,3900627
Lille,1,48.3,16,6,4,6,1.2,454,347,76.4,96,358,77,9,14,50.0,5,9,40.0,55.6,4,13,0,12,2,1,24,0,48,62.5,39,38.5,24,15,62.5,20,13,65.0,4,15,0,55,2,10,3,1,0,3900628
Rennes,1,51.7,10,3,5,2,1.1,527,411,78.0,115,412,40,6,5,40.0,3,2,33.3,50.0,4,12,0,14,3,0,24,0,37,63.2,42,57.1,19,12,63.2,31,17,54.8,4,21,0,59,5,16,6,1,0,3900628
Marseille,1,51.7,18,6,8,4,1.0,525,418,79.6,125,400,95,12,20,15.0,16,4,18.8,0.0,6,11,0,7,0,0,17,0,45,69.6,31,29.0,23,16,69.6,21,12,57.1,12,7,0,59,1,11,3,2,0,3900629
Paris Saint-Germain,2,48.3,11,3,6,2,1.3,620,539,86.9,136,484,36,8,6,33.3,2,4,0.0,50.0,2,11,1,12,1,0,17,0,29,65.0,31,71.0,20,13,65.0,15,7,46.7,10,22,1,31,5,18,6,1,0,3900629
Rennes,0,65.0,10,2,4,4,0.9,689,579,84.0,145,544,64,8,13,15.4,6,7,0.0,28.6,7,20,1,10,0,0,32,0,46,72.2,48,41.7,18,13,72.2,24,14,58.3,6,22,0,46,0,10,0,0,1,3900630
Angers,0,35.0,10,0,9,1,0.8,320,215,67.2,89,231,33,9,7,85.7,4,3,75.0,100.0,3,13,0,25,1,0,32,0,37,52.9,47,57.4,17,9,52.9,10,4,40.0,12,32,1,45,2,10,2,0,1,3900630
Montpellier,2,43.0,7,3,2,2,1.0,414,290,70.0,128,286,51,4,15,46.7,5,10,40.0,50.0,4,17,0,16,0,0,28,0,37,43.5,36,61.1,23,10,43.5,22,12,54.5,11,35,1,66,3,10,3,0,1,3900631
Toulouse,0,57.0,10,3,5,2,0.5,619,481,77.7,133,486,95,9,24,29.2,17,7,23.5,42.9,4,15,0,16,2,0,28,0,48,48.0,37,37.8,25,12,48.0,19,7,36.8,6,18,0,66,1,7,3,2,0,3900631
Guingamp,2,46.5,9,3,4,2,1.1,394,268,68.0,130,264,60,6,12,33.3,5,7,60.0,14.3,5,13,0,23,1,0,33,0,50,60.0,64,53.1,20,12,60.0,10,1,10.0,6,30,0,52,4,12,8,4,0,3900632
Bordeaux,4,53.5,12,8,1,3,2.1,460,338,73.5,132,328,45,7,10,40.0,9,1,33.3,100.0,4,20,0,13,0,0,33,0,61,51.9,64,46.9,27,14,51.9,20,8,40.0,12,32,1,39,1,9,3,2,0,3900632
Gazélec Ajaccio,2,55.1,19,6,6,6,2.2,491,329,67.0,148,343,144,11,32,25.0,19,13,26.3,23.1,12,15,0,17,2,0,27,0,47,66.7,73,56.2,15,10,66.7,10,8,80.0,4,16,0,62,0,6,3,3,0,3900633
Troyes,3,44.9,6,3,3,0,0.5,385,261,67.8,123,262,42,2,6,50.0,2,4,50.0,50.0,1,20,0,13,3,0,27,0,56,64.3,73,42.5,14,9,64.3,20,17,85.0,7,61,0,64,4,19,6,2,0,3900633
Paris Saint-Germain,0,60.0,12,4,5,3,1.5,664,553,83.3,139,525,35,9,12,8.3,4,8,0.0,12.5,3,13,0,14,2,0,22,0,30,72.2,31,61.3,18,13,72.2,14,5,35.7,10,14,2,49,0,5,0,0,1,3900634
Lille,0,40.0,5,0,3,1,0.1,394,280,71.1,118,276,49,3,4,0.0,4,0,0.0,0.0,2,15,0,10,1,0,22,0,34,80.0,30,36.7,15,12,80.0,18,10,55.6,10,10,1,54,4,12,4,0,1,3900634
Stade de Reims,0,56.9,13,5,7,1,1.3,494,393,79.6,118,376,50,10,10,50.0,4,6,25.0,66.7,3,23,0,26,4,0,41,0,40,58.8,56,58.9,17,10,58.8,14,8,57.1,6,25,0,35,3,12,3,0,1,3900635
Bastia,0,43.1,12,3,5,4,0.7,389,263,67.6,119,270,50,10,14,21.4,6,8,0.0,37.5,5,30,1,20,3,0,41,0,50,75.0,55,38.2,16,12,75.0,15,10,66.7,4,32,0,49,5,13,5,0,1,3900635
Nantes,2,47.5,10,2,4,4,1.3,454,350,77.1,134,320,64,7,15,53.3,11,4,54.5,50.0,5,15,1,19,1,0,32,0,42,68.2,48,58.3,22,15,68.2,14,10,71.4,7,19,0,42,0,4,1,1,0,3900636
Lorient,1,52.5,4,1,2,1,0.9,550,447,81.3,124,426,53,3,8,0.0,4,4,0.0,0.0,5,21,0,15,2,1,32,1,44,57.1,50,40.0,14,8,57.1,25,13,52.0,3,19,0,43,0,10,2,2,0,3900636
OGC Nice,1,49.9,9,3,4,2,0.8,574,452,78.7,131,443,69,6,12,33.3,9,3,44.4,0.0,0,15,0,15,1,0,28,0,51,65.7,44,63.6,35,23,65.7,17,10,58.8,8,18,0,47,5,12,6,1,0,3900637
Marseille,1,50.1,12,6,6,0,1.9,506,392,77.5,124,382,59,7,9,11.1,3,6,33.3,0.0,6,19,0,14,2,0,28,0,53,72.0,44,36.4,25,18,72.0,31,13,41.9,16,22,0,50,2,9,3,1,0,3900637
Lyon,4,60.0,21,8,9,4,3.8,578,479,82.9,132,446,66,13,10,50.0,7,3,57.1,33.3,5,15,1,14,2,0,29,0,51,75.0,45,40.0,24,18,75.0,20,14,70.0,7,32,0,56,6,15,7,1,0,3900638
Caen,1,40.0,15,7,5,3,1.1,373,264,70.8,121,252,54,9,13,23.1,5,8,20.0,25.0,7,17,0,15,5,0,29,0,40,50.0,44,59.1,22,11,50.0,11,2,18.2,7,18,1,55,4,21,8,4,0,3900638
Saint-Étienne,1,57.3,20,6,7,7,1.4,492,340,69.1,131,361,88,12,16,25.0,7,9,28.6,22.2,12,15,2,8,0,0,23,0,60,73.1,65,47.7,26,19,73.1,11,6,54.5,8,26,0,73,1,8,2,1,0,3900639
AS Monaco,1,42.7,8,2,4,2,0.9,366,240,65.6,87,279,53,5,9,11.1,1,8,0.0,12.5,6,12,0,16,1,0,23,0,42,40.0,65,50.8,10,4,40.0,15,7,46.7,3,41,0,46,5,20,6,1,0,3900639
Bordeaux,0,49.3,14,2,7,5,1.2,520,396,76.2,136,384,102,9,19,21.1,8,11,25.0,18.2,7,9,0,7,0,0,14,0,61,77.8,71,39.4,18,14,77.8,27,16,59.3,9,18,0,54,2,10,2,0,1,3901144
OGC Nice,0,50.7,10,2,2,6,0.5,586,464,79.2,129,457,35,6,10,20.0,6,4,16.7,25.0,5,6,0,9,2,0,14,0,63,60.0,68,58.8,35,21,60.0,10,3,30.0,12,27,0,45,2,14,2,0,1,3901144
Angers,2,43.8,13,4,8,1,1.6,430,291,67.7,126,304,46,9,13,38.5,9,4,22.2,75.0,1,18,1,15,0,0,31,0,36,71.4,40,62.5,21,15,71.4,8,5,62.5,9,26,0,61,2,12,5,3,0,3901145
Montpellier,3,56.2,12,5,5,2,1.1,576,442,76.7,174,402,65,7,12,16.7,3,9,33.3,11.1,6,17,0,17,1,0,31,0,45,57.9,41,36.6,19,11,57.9,18,7,38.9,9,27,0,59,2,13,4,2,0,3901145
Paris Saint-Germain,4,64.1,15,8,3,4,1.4,854,749,87.7,137,717,55,9,8,37.5,1,7,0.0,42.9,9,14,0,8,2,0,18,0,33,53.8,24,70.8,26,14,53.8,15,11,73.3,5,18,1,54,2,10,3,1,0,3901146
Stade de Reims,1,35.9,10,3,5,2,0.6,361,268,74.2,77,284,58,8,7,42.9,4,3,75.0,0.0,5,13,1,12,0,0,18,0,34,52.9,24,29.2,17,9,52.9,17,7,41.2,9,16,1,41,4,15,8,4,0,3901146
Toulouse,1,55.1,13,3,7,3,1.4,528,383,72.5,128,400,60,8,20,30.0,9,11,22.2,36.4,5,18,0,13,1,0,33,0,45,70.6,65,56.9,17,12,70.6,18,13,72.2,9,37,1,72,1,9,2,1,0,3901147
Gazélec Ajaccio,1,44.9,9,2,5,2,1.0,444,301,67.8,143,301,49,5,13,15.4,2,11,50.0,9.1,3,16,0,21,2,1,33,0,64,59.3,65,43.1,27,16,59.3,7,4,57.1,6,27,0,44,2,13,3,1,0,3901147
Lorient,4,54.8,27,10,13,4,2.8,503,400,79.5,136,367,69,17,11,36.4,3,8,33.3,37.5,6,10,0,15,4,0,21,0,30,64.3,30,46.7,14,9,64.3,12,5,41.7,2,20,1,61,4,14,7,3,0,3901148
Guingamp,3,45.2,14,7,3,4,0.8,357,253,70.9,108,249,50,5,9,33.3,2,7,50.0,28.6,5,16,0,7,1,0,21,0,34,65.0,30,53.3,20,13,65.0,10,5,50.0,12,20,0,47,6,27,10,4,0,3901148
AS Monaco,3,48.5,17,8,6,3,2.9,498,396,79.5,111,387,69,11,18,27.8,9,9,22.2,33.3,5,12,0,11,2,0,25,0,36,54.5,29,51.7,22,12,54.5,16,10,62.5,11,18,5,50,6,15,7,1,0,3901149
Troyes,1,51.5,15,7,6,2,1.1,616,513,83.3,135,481,71,10,14,21.4,7,7,14.3,28.6,7,12,0,15,0,0,25,0,29,61.5,29,44.8,13,8,61.5,19,11,57.9,4,28,0,52,5,17,8,3,0,3901149
Marseille,1,51.2,8,3,4,1,0.6,466,351,75.3,103,363,59,5,11,18.2,6,5,16.7,20.0,9,22,0,15,0,1,35,0,50,58.1,41,53.7,31,18,58.1,23,9,39.1,12,21,0,51,0,15,1,1,0,3901150
Saint-Étienne,1,48.8,15,1,6,8,0.8,471,369,78.3,119,352,65,10,9,11.1,5,4,20.0,0.0,6,15,0,22,1,0,35,0,46,39.1,42,45.2,23,9,39.1,27,15,55.6,8,21,0,55,2,8,3,1,0,3901150
Lille,1,47.3,11,4,4,3,0.8,389,269,69.2,107,282,59,7,9,33.3,4,5,25.0,40.0,8,25,0,23,3,0,44,0,49,76.0,42,42.9,25,19,76.0,23,15,65.2,8,17,1,48,4,12,4,0,1,3901151
Lyon,0,52.7,12,4,5,3,1.0,461,354,76.8,102,359,62,11,8,12.5,4,4,25.0,0.0,7,21,1,22,3,2,44,0,46,63.0,43,55.8,27,17,63.0,13,6,46.2,11,25,0,45,3,11,4,1,0,3901151
Caen,1,39.2,12,6,3,3,1.2,362,244,67.4,118,244,60,9,18,38.9,9,9,55.6,22.2,8,16,0,17,1,0,32,0,55,58.8,48,56.2,34,20,58.8,17,9,52.9,8,13,0,52,1,8,1,0,1,3901152
Rennes,0,60.8,8,1,7,0,0.7,659,543,82.4,124,535,48,5,10,10.0,2,8,0.0,12.5,2,14,0,17,1,0,32,0,48,47.6,48,43.8,21,10,47.6,30,19,63.3,6,20,0,59,5,12,6,1,0,3901152
OGC Nice,0,63.7,10,5,5,0,1.0,645,538,83.4,154,491,64,8,12,25.0,9,3,22.2,33.3,5,20,0,15,3,1,34,0,40,57.1,38,50.0,21,12,57.1,22,10,45.5,3,25,0,53,2,11,4,2,0,3901153
Bastia,2,36.3,11,4,5,2,0.5,303,196,64.7,101,202,28,4,6,0.0,4,2,0.0,0.0,1,17,0,19,5,0,34,0,44,60.0,38,50.0,25,15,60.0,16,7,43.8,11,31,1,46,5,10,5,0,1,3901153
Troyes,0,56.1,11,6,4,1,0.6,629,521,82.8,136,493,75,10,13,15.4,6,7,16.7,14.3,5,12,0,7,2,1,15,0,31,60.9,17,52.9,23,14,60.9,23,13,56.5,9,16,2,55,6,19,7,1,0,3901154
Lorient,1,43.9,19,7,9,3,2.2,453,358,79.0,107,346,57,12,11,18.2,5,6,20.0,16.7,7,6,1,9,1,0,15,0,30,66.7,16,43.8,21,14,66.7,15,8,53.3,4,20,1,54,6,11,6,0,1,3901154
Montpellier,3,51.8,9,5,3,1,1.0,500,386,77.2,139,361,93,4,26,34.6,12,14,41.7,28.6,3,21,1,17,1,0,36,0,41,64.3,44,38.6,14,9,64.3,16,6,37.5,7,14,2,56,2,6,2,0,1,3901155
Lille,0,48.2,6,2,3,1,0.4,445,335,75.3,96,349,56,3,15,20.0,12,3,16.7,33.3,3,17,0,21,3,0,36,0,45,50.0,44,61.4,28,14,50.0,16,13,81.2,6,30,1,56,2,9,5,3,0,3901155
Guingamp,2,57.1,15,3,7,5,2.8,510,417,81.8,123,387,60,10,12,41.7,5,7,20.0,57.1,8,16,0,14,3,0,31,1,37,52.9,40,50.0,17,9,52.9,12,7,58.3,4,16,0,53,0,8,2,2,0,3901156
Angers,2,42.9,8,2,5,1,1.0,373,273,73.2,103,270,26,4,9,11.1,4,5,25.0,0.0,0,15,1,18,3,1,31,1,40,83.3,42,47.6,18,15,83.3,17,9,52.9,9,21,0,53,1,15,3,2,0,3901156
Stade de Reims,4,40.2,15,7,6,2,1.2,351,240,68.4,114,237,40,9,12,41.7,3,9,33.3,44.4,7,17,0,16,2,0,29,0,44,66.7,42,45.2,21,14,66.7,18,12,66.7,4,23,0,55,0,6,1,1,0,3901157
Bordeaux,1,59.8,6,1,5,0,0.7,586,474,80.9,135,451,38,4,11,0.0,3,8,0.0,0.0,1,16,0,16,2,0,29,0,48,50.0,41,51.2,28,14,50.0,15,6,40.0,6,23,0,49,3,15,7,4,0,3901157
Toulouse,1,46.0,8,2,2,4,0.4,500,369,73.8,129,371,62,3,16,25.0,8,8,25.0,25.0,4,9,1,22,2,0,29,0,58,70.6,37,35.1,34,24,70.6,29,15,51.7,7,17,0,74,3,18,5,2,0,3901158
Rennes,2,54.0,18,5,6,7,1.7,593,475,80.1,155,438,52,12,10,10.0,6,4,16.7,0.0,5,24,0,10,0,0,29,0,49,52.8,37,64.9,36,19,52.8,18,13,72.2,9,19,0,65,1,8,2,1,0,3901158
Lyon,2,44.8,14,8,4,2,1.2,373,270,72.4,100,273,84,12,11,45.5,6,5,50.0,40.0,6,21,0,21,3,0,35,0,43,68.4,32,25.0,19,13,68.4,13,8,61.5,12,8,0,43,3,7,4,1,0,3901159
Paris Saint-Germain,1,55.2,7,4,2,0,0.4,625,537,85.9,158,467,33,6,8,37.5,3,5,66.7,20.0,2,21,1,17,4,0,35,0,23,53.3,32,75.0,15,8,53.3,12,3,25.0,10,20,2,41,6,14,8,2,0,3901159
Nantes,0,55.0,13,5,5,3,1.0,511,382,74.8,148,363,83,9,14,35.7,9,5,44.4,20.0,8,15,1,16,1,0,29,0,55,52.2,59,45.8,23,12,52.2,18,5,27.8,9,31,0,65,1,4,1,0,1,3901160
AS Monaco,0,45.0,4,1,1,2,0.3,432,307,71.1,116,316,38,1,7,0.0,2,5,0.0,0.0,3,13,0,17,1,0,29,0,53,54.2,59,50.8,24,13,54.2,20,8,40.0,0,31,0,46,5,13,5,0,1,3901160
Saint-Étienne,1,59.6,15,5,7,3,1.3,599,463,77.3,135,464,81,8,11,27.3,4,7,25.0,28.6,4,11,0,10,2,0,19,0,57,69.0,50,44.0,29,20,69.0,10,5,50.0,6,20,2,56,4,16,6,2,0,3901161
Caen,2,40.4,16,6,6,4,1.4,361,243,67.3,107,254,61,10,18,55.6,8,10,75.0,40.0,3,10,0,12,1,0,19,0,39,58.8,49,55.1,17,10,58.8,20,11,55.0,16,30,1,63,4,15,5,1,0,3901161
Caen,2,50.1,14,5,5,4,1.5,448,323,72.1,123,325,47,10,12,25.0,7,5,14.3,40.0,4,15,0,12,0,0,23,0,47,63.2,60,53.3,19,12,63.2,17,8,47.1,2,33,2,59,2,8,3,1,0,3901162
AS Monaco,1,49.9,8,3,2,3,0.5,488,361,74.0,149,339,71,7,15,26.7,9,6,44.4,0.0,2,12,0,15,3,0,23,0,51,52.6,57,43.9,19,10,52.6,22,12,54.5,15,22,1,48,3,14,5,2,0,3901162
OGC Nice,2,63.6,17,6,8,3,1.8,808,694,85.9,125,683,82,8,15,20.0,10,5,20.0,20.0,7,11,0,6,1,0,17,0,34,63.2,31,51.6,19,12,63.2,23,14,60.9,4,13,1,47,2,9,2,0,1,3901163
Troyes,0,36.4,9,2,5,2,0.7,392,284,72.4,104,288,44,6,8,12.5,4,4,25.0,0.0,4,8,0,13,1,0,17,0,44,60.7,31,48.4,28,17,60.7,9,4,44.4,14,24,0,53,4,17,6,2,0,3901163
Angers,0,42.5,7,1,3,3,0.4,361,238,65.9,109,252,41,2,7,14.3,4,3,25.0,0.0,4,17,1,8,4,0,22,0,39,57.9,46,56.5,19,11,57.9,19,12,63.2,6,32,0,55,1,7,1,0,1,3901164
Saint-Étienne,0,57.5,7,1,6,0,1.6,598,457,76.4,153,445,66,4,5,20.0,1,4,0.0,25.0,5,11,0,16,3,0,22,0,49,54.5,47,42.6,22,12,54.5,15,4,26.7,6,24,1,54,1,7,1,0,1,3901164
Bordeaux,1,45.7,12,2,5,4,1.6,510,397,77.8,146,364,49,6,14,21.4,6,8,33.3,12.5,3,14,0,15,1,0,30,1,37,81.2,50,58.0,16,13,81.2,20,11,55.0,11,19,1,46,1,4,2,1,0,3901165
Gazélec Ajaccio,1,54.3,4,2,2,0,0.2,533,422,79.2,146,387,36,2,9,11.1,3,6,33.3,0.0,2,16,0,16,2,0,30,0,56,66.7,49,40.8,27,18,66.7,9,7,77.8,5,39,0,54,1,12,2,1,0,3901165
Paris Saint-Germain,0,60.2,8,6,2,0,0.8,759,645,85.0,150,609,62,4,13,15.4,3,10,33.3,10.0,4,10,0,16,0,0,26,0,36,61.9,35,57.1,21,13,61.9,20,15,75.0,7,35,0,52,0,6,0,0,1,3901166
Montpellier,0,39.8,6,0,3,3,0.3,449,325,72.4,123,326,60,4,13,30.8,3,10,66.7,20.0,4,15,0,11,1,0,26,0,36,73.3,36,41.7,15,11,73.3,17,10,58.8,17,20,1,52,6,8,6,0,1,3901166
Bastia,0,51.9,25,7,13,5,2.1,492,370,75.2,128,364,50,21,14,35.7,5,9,40.0,33.3,9,15,0,17,1,0,26,0,39,62.5,39,61.5,24,15,62.5,17,11,64.7,6,9,0,47,1,2,1,0,1,3901167
Lorient,0,48.1,2,1,0,1,0.1,453,332,73.3,111,342,22,2,4,25.0,2,2,0.0,50.0,2,16,0,13,3,0,26,0,46,54.5,39,38.5,22,12,54.5,29,19,65.5,8,28,0,53,7,25,7,0,1,3901167
Lille,2,50.1,8,5,3,0,1.3,405,299,73.8,104,301,56,6,9,22.2,5,4,20.0,25.0,2,23,0,14,2,0,32,0,39,65.2,47,66.0,23,15,65.2,25,15,60.0,5,23,0,51,4,9,4,0,1,3901168
Stade de Reims,0,49.9,9,4,2,3,0.3,419,296,70.6,138,281,48,5,10,10.0,5,5,20.0,0.0,6,14,0,24,3,1,32,0,69,57.9,47,34.0,38,22,57.9,8,2,25.0,8,18,0,55,3,8,5,2,0,3901168
Marseille,1,54.8,20,8,8,4,2.1,588,456,77.6,150,438,102,14,27,37.0,10,17,50.0,29.4,9,19,0,14,2,0,28,0,46,44.8,39,56.4,29,13,44.8,25,16,64.0,6,13,0,70,6,18,7,1,0,3901169
Toulouse,1,45.2,18,7,7,4,1.1,472,362,76.7,97,375,34,12,8,50.0,5,3,40.0,66.7,3,14,0,15,1,0,28,0,43,61.9,37,40.5,21,13,61.9,20,12,60.0,9,35,2,58,7,20,8,1,0,3901169
Rennes,4,37.9,12,7,3,2,1.3,374,283,75.7,107,267,32,7,5,60.0,5,0,60.0,0.0,2,17,0,10,2,1,28,0,56,63.6,52,34.6,22,14,63.6,32,15,46.9,9,24,1,47,4,11,5,1,0,3901170
Nantes,1,62.1,11,5,5,1,0.6,691,567,82.1,163,528,77,6,14,50.0,6,8,66.7,37.5,3,10,0,20,3,0,28,0,50,78.1,51,64.7,32,25,78.1,25,20,80.0,5,15,0,47,3,12,7,4,0,3901170
Lyon,4,63.2,16,8,4,4,4.3,647,545,84.2,133,514,81,8,10,30.0,6,4,33.3,25.0,6,17,0,13,1,0,23,0,30,80.0,25,60.0,20,16,80.0,17,10,58.8,4,15,0,56,4,11,5,1,0,3901171
Guingamp,1,36.8,11,5,5,0,1.6,330,234,70.9,96,234,30,5,7,14.3,4,3,25.0,0.0,3,14,0,12,3,0,23,0,35,40.0,25,40.0,20,8,40.0,22,13,59.1,9,17,1,48,4,16,8,4,0,3901171
Bastia,0,52.0,5,1,4,0,0.4,458,318,69.4,133,325,77,3,17,11.8,9,8,11.1,12.5,6,19,3,17,1,0,37,0,58,57.1,72,38.9,14,8,57.1,18,11,61.1,4,32,0,57,2,8,2,0,1,3901172
Nantes,0,48.0,8,2,5,1,0.4,448,310,69.2,125,323,47,8,10,40.0,5,5,80.0,0.0,1,17,0,21,4,0,37,0,52,39.1,73,60.3,23,9,39.1,16,10,62.5,10,40,0,43,1,5,1,0,1,3901172
Gazélec Ajaccio,0,46.2,16,5,7,4,1.5,389,245,63.0,119,270,64,11,19,21.1,12,7,16.7,28.6,7,19,0,24,2,0,39,0,55,62.1,51,49.0,29,18,62.1,12,4,33.3,9,35,1,68,4,6,5,1,0,3901173
Marseille,1,53.8,6,5,0,1,0.9,437,307,70.3,112,325,58,4,13,15.4,7,6,14.3,16.7,3,24,0,17,2,0,39,0,44,57.9,50,50.0,19,11,57.9,22,12,54.5,2,28,0,67,5,16,5,0,1,3901173
AS Monaco,2,48.8,12,7,3,2,1.4,427,307,71.9,136,291,58,7,8,12.5,5,3,0.0,33.3,10,14,0,16,2,0,26,0,61,44.4,59,42.4,27,12,44.4,18,13,72.2,11,25,0,44,2,10,4,2,0,3901174
Stade de Reims,2,51.2,10,4,2,4,1.4,532,399,75.0,126,406,55,8,11,45.5,9,2,55.6,0.0,7,16,0,13,2,0,26,0,41,43.8,58,56.9,16,7,43.8,28,17,60.7,6,37,1,63,5,12,7,2,0,3901174
Montpellier,0,46.2,11,6,5,0,1.3,513,403,78.6,117,396,57,5,17,23.5,9,8,22.2,25.0,4,15,0,17,2,0,27,0,36,55.0,34,52.9,20,11,55.0,19,9,47.4,8,10,1,56,1,10,3,2,0,3901175
OGC Nice,2,53.8,10,3,7,0,1.9,618,516,83.5,124,494,39,6,7,14.3,5,2,20.0,0.0,4,17,0,13,1,0,27,0,44,57.7,34,47.1,26,15,57.7,21,13,61.9,12,26,0,47,6,11,6,0,1,3901175
Toulouse,4,52.4,21,11,6,4,4.7,459,321,69.9,125,334,64,11,12,16.7,9,3,11.1,33.3,3,17,0,26,2,0,46,2,49,56.5,45,42.2,23,13,56.5,9,6,66.7,2,18,0,64,2,13,2,0,1,3901176
Bordeaux,0,47.6,13,2,7,4,0.6,419,294,70.2,138,281,36,6,9,22.2,5,4,20.0,25.0,3,22,0,20,2,1,46,0,34,46.7,45,57.8,15,7,46.7,24,15,62.5,3,32,0,54,7,21,11,4,0,3901176
Bastia,1,45.2,10,1,7,2,0.8,454,313,68.9,112,342,48,6,13,23.1,7,6,42.9,0.0,5,15,0,22,2,0,32,0,61,60.0,62,33.9,20,12,60.0,12,4,33.3,3,21,0,53,2,9,4,2,0,3901177
Lille,2,54.8,9,4,3,2,1.0,536,415,77.4,135,401,55,7,11,27.3,6,5,16.7,40.0,4,20,0,12,3,0,32,0,48,51.9,61,65.6,27,14,51.9,15,9,60.0,4,17,0,53,0,10,1,1,0,3901177
Lorient,1,43.3,15,10,5,0,1.9,423,322,76.1,97,326,45,10,10,60.0,7,3,57.1,66.7,7,17,0,15,1,0,24,0,34,70.0,21,33.3,20,14,70.0,16,8,50.0,8,17,2,41,2,11,3,1,0,3901178
Marseille,1,56.7,11,3,5,3,0.8,631,515,81.6,125,506,53,8,11,9.1,5,6,0.0,16.7,5,18,0,12,2,0,24,0,25,70.6,22,63.6,17,12,70.6,13,6,46.2,6,16,2,54,9,15,10,1,0,3901178
Gazélec Ajaccio,1,58.1,19,4,6,9,1.1,552,426,77.2,146,406,93,13,14,28.6,9,5,11.1,60.0,4,11,0,10,0,0,15,0,53,57.1,53,39.6,21,12,57.1,15,10,66.7,6,29,0,64,4,10,4,0,1,3901179
Caen,0,41.9,10,4,5,1,0.8,381,252,66.1,116,265,77,9,17,29.4,13,4,30.8,25.0,4,11,0,7,0,0,15,0,43,25.0,55,58.2,20,5,25.0,23,14,60.9,12,34,0,58,3,19,4,1,0,3901179
Guingamp,2,37.6,7,3,3,1,1.3,322,221,68.6,107,215,44,5,5,60.0,2,3,50.0,66.7,4,16,0,12,0,0,26,0,39,62.5,37,37.8,16,10,62.5,10,7,70.0,6,24,0,46,2,16,2,0,1,3901180
Saint-Étienne,0,62.4,16,2,8,6,0.9,648,524,80.9,141,507,83,14,13,23.1,7,6,28.6,16.7,9,11,0,16,1,0,26,0,35,61.9,36,61.1,21,13,61.9,12,7,58.3,6,17,0,59,1,7,3,2,0,3901180
Rennes,2,42.2,13,4,7,2,1.2,357,248,69.5,105,252,52,6,9,33.3,4,5,50.0,20.0,2,13,1,16,4,0,28,0,42,56.0,41,58.5,25,14,56.0,16,9,56.2,9,22,0,56,4,17,6,2,0,3901181
Lyon,2,57.8,17,6,4,6,2.3,519,398,76.7,122,397,88,11,12,50.0,6,6,66.7,33.3,8,21,1,13,3,0,28,0,46,59.1,41,41.5,22,13,59.1,27,15,55.6,4,21,1,52,2,13,4,2,0,3901181
Nantes,2,52.4,12,8,0,4,0.7,545,414,76.0,136,409,91,5,14,42.9,5,9,60.0,33.3,5,11,0,17,2,0,29,0,49,71.4,48,41.7,21,15,71.4,12,8,66.7,8,27,0,67,0,6,0,0,1,3901182
Angers,0,47.6,6,0,5,1,0.2,514,395,76.8,120,394,53,5,15,13.3,5,10,20.0,10.0,0,17,0,13,3,0,29,0,44,56.5,48,56.2,23,13,56.5,16,11,68.8,5,36,1,52,6,12,8,2,0,3901182
Troyes,0,39.6,16,3,8,5,1.2,422,343,81.3,91,331,77,14,10,50.0,3,7,33.3,57.1,5,11,0,10,1,1,16,0,23,86.7,9,11.1,15,13,86.7,12,8,66.7,8,16,2,45,5,22,14,8,0,3901183
Paris Saint-Germain,8,60.4,22,14,5,3,5.7,742,662,89.2,144,598,64,8,14,28.6,9,5,11.1,60.0,8,9,0,8,0,0,16,1,11,60.0,9,88.9,10,6,60.0,18,11,61.1,11,9,1,53,3,16,3,0,1,3901183
Marseille,2,59.5,14,5,8,1,1.4,668,552,82.6,134,534,115,8,20,30.0,10,10,30.0,30.0,11,17,0,13,1,0,28,0,41,56.5,33,45.5,23,13,56.5,20,13,65.0,7,11,1,56,2,13,7,5,0,3901184
Rennes,5,40.5,13,7,4,2,1.5,421,332,78.9,103,318,21,6,7,28.6,6,1,33.3,0.0,3,11,0,18,1,0,28,0,41,76.0,34,52.9,25,19,76.0,19,8,42.1,6,33,2,42,3,14,5,2,0,3901184
Stade de Reims,0,70.5,20,3,10,7,1.4,709,583,82.2,138,571,113,15,26,26.9,17,9,17.6,44.4,7,12,0,17,4,0,26,0,49,68.2,51,47.1,22,15,68.2,16,6,37.5,3,6,1,81,1,2,2,1,0,3901185
Guingamp,1,29.5,2,2,0,0,0.2,239,130,54.4,78,161,12,1,1,0.0,1,0,0.0,0.0,1,16,0,13,2,0,26,0,49,62.5,51,51.0,24,15,62.5,13,5,38.5,10,45,2,55,3,20,3,0,1,3901185
Lyon,2,57.4,8,3,2,2,1.8,637,514,80.7,144,493,67,4,14,21.4,7,7,14.3,28.6,3,19,0,12,0,0,26,1,38,72.7,48,43.8,11,8,72.7,19,11,57.9,5,16,2,40,1,7,1,0,1,3901186
Nantes,0,42.6,7,1,5,1,0.3,431,305,70.8,120,311,41,3,10,10.0,5,5,0.0,20.0,2,12,0,15,2,0,26,0,43,72.7,48,56.2,22,16,72.7,7,6,85.7,6,22,1,56,1,8,3,2,0,3901186
Angers,5,46.1,23,10,9,4,4.0,371,261,70.4,103,268,49,13,6,50.0,4,2,25.0,100.0,6,16,0,13,1,0,31,1,42,55.0,48,54.2,20,11,55.0,9,7,77.8,7,17,0,56,1,5,2,1,0,3901187
Lorient,1,53.9,5,2,3,0,0.9,506,392,77.5,119,387,41,4,11,9.1,4,7,0.0,14.3,2,13,0,19,3,0,31,0,38,50.0,48,45.8,12,6,50.0,7,5,71.4,1,15,1,45,5,23,10,5,0,3901187
Saint-Étienne,3,44.8,9,4,2,3,2.0,396,267,67.4,139,257,50,5,15,46.7,11,4,54.5,25.0,5,16,0,16,1,0,27,0,52,73.1,46,43.5,26,19,73.1,10,1,10.0,9,22,1,53,1,7,1,0,1,3901188
Montpellier,0,55.2,7,1,4,2,0.5,529,408,77.1,127,402,59,5,11,18.2,3,8,0.0,25.0,7,23,0,14,2,0,27,0,42,65.0,48,54.2,20,13,65.0,13,3,23.1,5,36,0,60,1,9,4,3,0,3901188
Lille,1,50.9,6,2,4,0,0.2,513,363,70.8,127,386,57,3,10,20.0,4,6,25.0,16.7,3,15,0,10,3,0,21,0,51,66.7,67,59.7,24,16,66.7,12,6,50.0,5,25,0,48,3,10,3,0,1,3901189
Toulouse,0,49.1,10,3,5,2,1.1,483,319,66.0,134,349,73,9,22,36.4,10,12,30.0,41.7,3,10,1,14,3,0,21,0,63,47.8,67,40.3,23,11,47.8,16,7,43.8,9,20,0,75,1,6,2,1,0,3901189
Caen,2,51.1,24,6,14,4,1.0,469,356,75.9,131,338,76,17,23,30.4,9,14,11.1,42.9,7,10,0,16,1,0,29,0,33,64.7,47,66.0,17,11,64.7,24,13,54.2,9,16,0,61,1,4,2,1,0,3901190
Troyes,1,48.9,4,2,2,0,0.3,484,353,72.9,130,354,41,2,7,14.3,3,4,0.0,25.0,2,16,0,13,2,0,29,0,60,53.6,47,31.9,28,15,53.6,9,4,44.4,4,30,0,56,4,24,6,2,0,3901190
OGC Nice,3,57.6,10,5,3,2,1.6,712,601,84.4,130,582,52,6,12,41.7,6,6,33.3,50.0,3,11,0,5,1,0,15,0,33,64.7,35,54.3,17,11,64.7,18,10,55.6,5,17,1,43,2,12,2,0,1,3901191
Gazélec Ajaccio,0,42.4,12,2,5,4,0.5,443,320,72.2,118,325,52,9,6,16.7,2,4,50.0,0.0,5,5,0,12,1,0,15,0,46,59.3,35,45.7,27,16,59.3,9,3,33.3,5,16,0,50,2,10,5,3,0,3901191
Bordeaux,1,43.9,12,4,6,2,1.1,425,327,76.9,116,309,44,10,13,38.5,5,8,0.0,62.5,6,14,0,12,1,0,30,0,39,84.6,49,46.9,13,11,84.6,16,7,43.8,9,26,0,54,3,8,4,1,0,3901192
Bastia,1,56.1,8,4,3,1,1.0,553,441,79.7,152,401,69,7,18,22.2,2,16,0.0,25.0,3,12,0,19,1,0,30,0,39,43.8,49,53.1,16,7,43.8,17,10,58.8,4,15,0,43,3,12,4,1,0,3901192
Paris Saint-Germain,0,65.6,23,5,13,5,2.2,887,785,88.5,175,712,102,17,19,21.1,11,8,27.3,12.5,10,7,1,7,1,0,12,0,34,72.0,26,65.4,25,18,72.0,13,5,38.5,8,15,0,65,3,12,5,2,0,3901193
AS Monaco,2,34.4,12,5,4,3,2.1,321,240,74.8,89,232,40,6,8,50.0,5,3,40.0,66.7,2,9,1,6,1,0,12,1,39,72.7,26,34.6,22,16,72.7,17,8,47.1,11,38,1,45,5,23,5,0,1,3901193
AS Monaco,0,59.4,15,6,7,2,1.5,600,450,75.0,161,439,94,13,15,33.3,7,8,28.6,37.5,7,19,2,17,0,0,29,1,56,66.7,66,51.5,24,16,66.7,29,15,51.7,7,17,0,59,2,10,4,2,0,3901194
Bordeaux,2,40.6,10,4,5,1,1.0,361,232,64.3,122,239,23,5,8,0.0,3,5,0.0,0.0,3,21,1,18,1,0,29,0,74,56.4,67,47.8,39,22,56.4,19,9,47.4,7,35,1,51,5,15,6,0,1,3901194
Gazélec Ajaccio,0,55.0,17,4,8,4,1.4,521,375,72.0,193,328,67,11,13,30.8,10,3,20.0,66.7,7,15,0,15,0,0,26,0,42,50.0,58,55.2,16,8,50.0,7,5,71.4,5,23,1,68,2,8,4,2,0,3901195
Saint-Étienne,2,45.0,8,4,4,0,0.7,408,273,66.9,150,258,33,4,9,0.0,5,4,0.0,0.0,6,14,1,13,0,0,26,0,46,69.2,58,43.1,13,9,69.2,9,5,55.6,8,43,0,59,4,17,4,0,1,3901195
Paris Saint-Germain,4,54.3,12,6,5,1,1.2,687,604,87.9,113,574,55,6,7,28.6,0,7,0.0,28.6,7,9,0,14,1,0,24,0,18,69.2,17,70.6,13,9,69.2,14,8,57.1,6,11,1,40,3,6,4,1,0,3901196
OGC Nice,1,45.7,6,4,1,1,0.4,544,460,84.6,106,438,48,4,9,0.0,4,5,0.0,0.0,6,13,0,11,0,0,24,0,27,73.3,17,29.4,15,11,73.3,17,7,41.2,12,17,0,43,2,12,6,4,0,3901196
Guingamp,2,45.7,10,3,5,2,0.8,405,286,70.6,104,301,71,6,12,33.3,9,3,44.4,0.0,6,19,0,15,2,0,28,0,31,45.5,51,60.8,11,5,45.5,17,9,52.9,7,22,1,42,2,12,4,2,0,3901197
Montpellier,2,54.3,12,4,4,4,0.5,469,357,76.1,123,346,54,9,9,11.1,4,5,0.0,20.0,5,21,0,16,2,0,28,0,51,68.4,52,38.5,19,13,68.4,6,4,66.7,4,26,0,47,1,10,3,2,0,3901197
Troyes,0,53.4,12,6,2,4,1.2,547,430,78.6,138,409,59,8,9,11.1,6,3,0.0,33.3,5,15,0,15,1,0,30,0,48,56.7,29,37.9,30,17,56.7,10,4,40.0,6,21,1,64,4,18,5,1,0,3901198
Angers,1,46.6,18,5,7,6,1.0,501,391,78.0,107,394,56,12,12,33.3,5,7,40.0,28.6,4,12,0,16,1,0,30,0,32,63.2,30,56.7,19,12,63.2,16,4,25.0,9,30,0,55,6,12,6,0,1,3901198
Rennes,3,46.9,10,5,5,0,1.4,482,365,75.7,109,373,40,5,3,66.7,1,2,100.0,50.0,2,21,0,15,0,0,32,0,34,43.8,38,52.6,16,7,43.8,15,9,60.0,9,17,0,41,3,10,4,1,0,3901199
Stade de Reims,1,53.1,10,4,2,4,0.3,567,439,77.4,146,421,72,4,11,9.1,3,8,33.3,0.0,6,18,0,19,0,0,32,0,47,74.1,37,45.9,27,20,74.1,26,17,65.4,10,15,0,59,2,10,5,3,0,3901199
Toulouse,1,52.2,7,2,3,2,0.6,421,255,60.6,137,284,44,3,11,18.2,4,7,50.0,0.0,4,23,0,13,1,0,32,0,68,52.4,76,38.2,21,11,52.4,15,3,20.0,8,24,0,65,1,6,1,0,1,3901200
Caen,0,47.8,6,1,4,1,0.2,463,303,65.4,135,328,57,4,12,8.3,6,6,16.7,0.0,5,13,0,20,1,0,32,0,56,34.8,80,58.8,23,8,34.8,12,6,50.0,7,42,1,48,1,7,2,1,0,3901200
Bastia,1,36.8,6,1,3,2,1.0,266,166,62.4,86,180,46,4,10,20.0,7,3,28.6,0.0,6,24,1,24,3,0,42,1,41,60.0,37,56.8,25,15,60.0,18,10,55.6,3,18,0,41,1,7,2,1,0,3901201
Marseille,1,63.2,7,2,2,3,0.4,572,488,85.3,133,439,42,1,11,9.1,6,5,0.0,20.0,2,24,1,21,2,0,42,0,38,56.2,37,40.5,16,9,56.2,24,11,45.8,6,15,0,44,0,6,1,1,0,3901201
Lorient,1,38.3,8,2,4,2,1.3,433,313,72.3,126,307,40,6,9,22.2,6,3,16.7,33.3,6,18,0,8,0,0,18,0,35,60.0,27,44.4,20,12,60.0,15,8,53.3,5,12,1,61,4,17,7,3,0,3901202
Lyon,3,61.7,17,7,8,2,1.8,702,583,83.0,161,541,67,14,5,40.0,4,1,50.0,0.0,3,12,1,14,0,0,18,0,31,55.6,28,53.6,18,10,55.6,13,8,61.5,4,18,0,51,1,8,2,1,0,3901202
Nantes,0,56.5,13,6,4,3,0.4,582,432,74.2,175,407,71,8,11,27.3,5,6,20.0,33.3,8,17,0,14,2,0,25,0,52,76.9,73,46.6,13,10,76.9,10,3,30.0,6,15,0,52,3,11,6,3,0,3901203
Lille,3,43.5,11,6,4,1,0.7,412,282,68.4,125,287,30,7,7,28.6,4,3,25.0,33.3,4,13,0,13,0,0,25,0,50,60.0,72,51.4,15,9,60.0,14,11,78.6,11,38,0,39,6,13,6,0,1,3901203
Montpellier,0,41.8,7,5,0,2,0.7,428,295,68.9,131,297,58,7,15,13.3,5,10,0.0,20.0,4,12,0,15,1,0,23,0,33,75.0,34,50.0,16,12,75.0,31,15,48.4,6,3,0,63,3,14,5,2,0,3901204
Lyon,2,58.2,14,5,7,2,3.0,718,600,83.6,144,574,64,11,8,75.0,4,4,50.0,100.0,1,16,0,10,1,0,23,0,49,58.1,34,47.1,31,18,58.1,17,10,58.8,13,18,0,47,5,7,5,0,1,3901204
Caen,1,54.6,18,5,7,6,1.0,577,428,74.2,156,421,119,10,26,42.3,15,11,53.3,27.3,6,11,0,12,0,0,27,0,55,48.6,52,61.5,35,17,48.6,18,10,55.6,4,10,2,73,4,16,6,2,0,3901205
Lorient,2,45.4,16,6,4,5,2.0,487,373,76.6,126,361,22,12,3,66.7,1,2,100.0,50.0,5,10,0,17,0,0,27,1,59,59.3,51,37.3,27,16,59.3,22,12,54.5,13,36,0,62,4,18,5,1,0,3901205
Toulouse,4,50.2,11,7,4,0,1.3,446,309,69.3,118,328,65,7,15,0.0,11,4,0.0,0.0,2,19,0,15,0,0,32,0,46,66.7,39,43.6,24,16,66.7,11,2,18.2,5,19,1,57,1,3,1,0,1,3901206
Bastia,0,49.8,3,1,1,1,0.1,509,381,74.9,129,380,28,1,6,16.7,2,4,0.0,25.0,2,20,1,18,1,0,32,0,32,46.7,36,52.8,15,7,46.7,19,8,42.1,4,20,1,43,3,11,7,4,0,3901206
Stade de Reims,1,40.6,10,3,4,3,0.6,350,209,59.7,117,233,43,7,9,44.4,4,5,25.0,60.0,5,14,1,11,2,0,26,0,67,59.1,88,48.9,22,13,59.1,15,6,40.0,2,27,0,48,4,14,5,1,0,3901207
Nantes,1,59.4,14,5,6,3,1.5,538,396,73.6,152,386,53,8,16,31.2,7,9,57.1,11.1,4,14,0,16,3,0,26,0,69,54.2,90,50.0,24,13,54.2,16,8,50.0,9,32,0,51,2,10,3,1,0,3901207
Guingamp,0,37.7,8,3,4,1,0.5,370,257,69.5,99,271,60,8,10,60.0,6,4,66.7,50.0,9,12,0,20,1,0,29,0,45,75.0,23,43.5,32,24,75.0,21,9,42.9,7,17,2,42,4,14,6,2,0,3901208
Paris Saint-Germain,2,62.3,14,6,6,2,2.0,762,669,87.8,135,627,55,10,8,25.0,3,5,0.0,40.0,4,19,0,11,0,0,29,1,41,53.3,24,54.2,30,16,53.3,14,5,35.7,6,22,0,51,3,8,3,0,1,3901208
Angers,0,53.7,7,1,4,2,0.2,500,362,72.4,144,356,37,7,6,16.7,4,2,25.0,0.0,2,28,0,10,0,0,36,0,56,68.4,57,35.1,19,13,68.4,15,3,20.0,5,18,0,61,1,3,1,0,1,3901209
Gazélec Ajaccio,0,46.3,3,1,1,1,0.2,441,306,69.4,154,287,38,3,8,25.0,4,4,25.0,25.0,6,12,0,26,4,0,36,0,40,63.2,58,63.8,19,12,63.2,10,5,50.0,7,35,0,42,1,7,1,0,1,3901209
Saint-Étienne,1,56.5,16,7,6,3,1.5,565,449,79.5,155,410,86,13,19,26.3,9,10,33.3,20.0,10,12,0,15,2,0,30,0,38,70.0,34,47.1,20,14,70.0,25,14,56.0,5,15,0,50,1,9,1,0,1,3901210
Troyes,0,43.5,9,1,4,4,0.3,400,281,70.2,129,271,39,5,8,0.0,5,3,0.0,0.0,5,15,0,15,2,0,30,0,38,59.1,33,51.5,22,13,59.1,17,8,47.1,6,24,1,45,6,16,7,1,0,3901210
Marseille,0,66.3,7,4,2,1,0.4,726,608,83.7,160,566,102,5,27,25.9,9,18,11.1,33.3,9,12,0,15,2,0,27,0,49,46.2,62,62.9,26,12,46.2,39,12,30.8,5,21,0,50,3,9,3,0,1,3901211
Bordeaux,0,33.7,9,3,4,2,0.6,282,178,63.1,94,188,38,7,8,0.0,5,3,0.0,0.0,5,15,0,13,2,0,27,0,83,42.9,64,35.9,42,18,42.9,23,14,60.9,7,39,0,57,4,7,4,0,1,3901211
Lille,4,52.0,9,4,3,2,1.8,460,363,78.9,125,335,41,4,5,40.0,2,3,50.0,33.3,3,16,0,13,1,0,29,0,38,50.0,28,50.0,24,12,50.0,21,14,66.7,7,11,0,42,3,7,4,1,0,3901212
AS Monaco,1,48.0,7,4,2,1,0.5,440,345,78.4,92,348,63,3,15,13.3,9,6,22.2,0.0,4,14,0,16,1,1,29,0,36,57.1,29,48.3,21,12,57.1,22,13,59.1,3,17,1,49,0,9,4,4,0,3901212
OGC Nice,3,56.5,13,7,4,2,3.0,604,499,82.6,125,479,84,4,13,15.4,8,5,25.0,0.0,2,13,1,8,0,0,20,1,44,66.7,45,55.6,24,16,66.7,22,15,68.2,4,23,0,41,3,9,3,0,1,3901213
Rennes,0,43.5,9,3,5,1,0.9,432,331,76.6,106,326,60,8,5,20.0,3,2,33.3,0.0,6,9,0,12,0,0,20,0,41,68.8,45,44.4,16,11,68.8,22,16,72.7,6,21,1,42,4,13,7,3,0,3901213
Lyon,1,54.9,14,3,9,2,1.1,532,434,81.6,109,423,99,8,20,25.0,7,13,14.3,30.8,5,23,0,16,2,1,37,0,31,50.0,27,51.9,18,9,50.0,22,12,54.5,9,9,1,52,2,7,3,1,0,3901214
OGC Nice,1,45.1,7,3,2,2,0.7,479,383,80.0,109,370,42,4,6,16.7,4,2,0.0,50.0,3,17,0,21,2,0,37,0,37,52.4,28,42.9,21,11,52.4,12,6,50.0,7,23,0,42,2,14,3,1,0,3901214
Gazélec Ajaccio,2,43.3,14,4,5,5,1.4,385,277,71.9,138,247,57,8,18,44.4,12,6,41.7,50.0,1,11,0,15,2,1,23,0,40,41.2,49,53.1,17,7,41.2,9,8,88.9,8,26,3,49,3,14,6,3,0,3901215
Lille,3,56.7,14,6,6,2,1.6,571,461,80.7,156,415,45,8,10,20.0,6,4,16.7,25.0,6,18,0,9,1,0,23,0,47,57.9,51,45.1,19,11,57.9,32,24,75.0,5,25,0,61,2,14,4,2,0,3901215
Paris Saint-Germain,6,63.7,22,9,10,3,3.5,765,678,88.6,171,594,54,13,13,38.5,7,6,28.6,50.0,4,9,0,12,0,0,20,0,35,56.0,22,54.5,25,14,56.0,17,13,76.5,6,8,0,55,7,15,7,0,1,3901216
Caen,0,36.3,15,7,5,3,0.8,375,275,73.3,92,283,51,9,13,30.8,6,7,50.0,14.3,3,11,0,11,0,0,20,0,45,60.6,22,45.5,33,20,60.6,12,5,41.7,10,11,1,49,3,22,9,6,0,3901216
Troyes,2,55.8,21,10,4,7,2.5,456,346,75.9,114,342,73,14,10,40.0,8,2,37.5,50.0,10,10,0,19,1,0,27,1,44,64.3,49,38.8,14,9,64.3,19,12,63.2,5,21,0,52,2,15,3,1,0,3901217
Stade de Reims,1,44.2,15,3,7,4,1.4,327,227,69.4,98,229,55,9,16,56.2,10,6,40.0,83.3,7,19,0,13,2,0,27,0,34,50.0,48,58.3,14,7,50.0,15,6,40.0,6,42,1,62,8,21,10,2,0,3901217
Bordeaux,1,65.3,17,3,8,5,1.7,673,581,86.3,119,554,119,9,22,31.8,13,9,30.8,33.3,9,15,1,15,2,0,32,0,32,64.3,34,47.1,14,9,64.3,20,10,50.0,8,13,1,54,1,4,4,3,0,3901218
Angers,3,34.7,4,4,0,0,0.2,312,226,72.4,83,229,19,0,2,0.0,1,1,0.0,0.0,0,17,0,17,2,1,32,0,36,55.0,34,52.9,20,11,55.0,12,6,50.0,2,25,1,33,2,17,3,1,0,3901218
Lorient,1,55.2,11,4,5,2,0.6,611,460,75.3,160,451,55,7,14,21.4,10,4,10.0,50.0,2,16,0,17,1,0,30,0,56,69.6,54,38.9,23,16,69.6,16,11,68.8,9,26,0,62,1,11,2,1,0,3901219
Toulouse,1,44.8,11,2,6,3,0.9,427,281,65.8,117,310,66,9,18,22.2,9,9,11.1,33.3,2,20,0,14,1,0,30,0,46,75.0,54,59.3,24,18,75.0,17,9,52.9,7,32,0,56,3,11,4,1,0,3901219
Bastia,0,48.9,16,3,8,4,1.0,438,298,68.0,120,318,72,14,18,16.7,6,12,0.0,25.0,3,20,0,13,2,0,27,0,48,58.8,72,56.9,17,10,58.8,17,8,47.1,5,22,0,58,3,9,4,1,0,3901220
Saint-Étienne,1,51.1,9,4,4,1,0.7,497,371,74.6,110,387,42,6,11,27.3,7,4,28.6,25.0,4,11,0,17,2,0,27,0,64,59.1,73,42.5,22,13,59.1,17,10,58.8,7,41,2,44,3,16,3,0,1,3901220
Rennes,0,59.7,10,2,3,4,0.7,606,498,82.2,120,486,87,7,17,17.6,9,8,22.2,12.5,6,9,0,13,3,0,19,0,46,63.0,39,51.3,27,17,63.0,15,9,60.0,4,24,0,47,3,12,6,3,0,3901221
Guingamp,3,40.3,12,6,4,1,1.5,359,249,69.4,105,254,44,6,8,50.0,2,6,0.0,66.7,3,14,0,7,2,0,19,0,40,60.0,38,47.4,20,12,60.0,20,10,50.0,7,26,0,57,2,10,2,0,1,3901221
Nantes,0,55.4,10,0,7,3,0.6,537,409,76.2,163,374,65,7,17,23.5,10,7,30.0,14.3,6,14,0,16,1,0,30,0,40,54.5,49,40.8,11,6,54.5,8,5,62.5,4,33,0,56,3,11,5,2,0,3901222
Montpellier,2,44.6,11,5,3,3,0.5,448,321,71.7,137,311,73,6,17,5.9,6,11,0.0,9.1,6,19,0,18,2,0,30,0,32,70.0,50,56.0,10,7,70.0,16,11,68.8,7,19,0,45,0,10,0,0,1,3901222
AS Monaco,2,40.0,14,4,7,3,1.0,398,268,67.3,99,299,69,7,15,6.7,13,2,7.7,0.0,7,15,2,16,0,0,30,0,48,62.5,64,62.5,24,15,62.5,25,11,44.0,9,14,1,55,2,7,3,1,0,3901223
Marseille,1,60.0,7,3,3,1,0.5,611,484,79.2,124,487,30,5,6,50.0,1,5,0.0,60.0,1,20,0,17,0,0,30,0,79,51.4,67,34.3,35,18,51.4,15,7,46.7,11,20,1,42,2,14,4,2,0,3901223
OGC Nice,2,64.8,10,5,2,3,1.9,746,626,83.9,139,607,55,6,6,0.0,4,2,0.0,0.0,10,14,0,11,1,0,26,1,40,71.4,45,42.2,14,10,71.4,22,12,54.5,3,17,0,58,4,11,4,0,1,3901224
Stade de Reims,0,35.2,11,4,6,1,1.3,397,281,70.8,104,293,49,7,7,14.3,7,0,14.3,0.0,3,18,0,16,3,0,26,0,37,33.3,45,57.8,18,6,33.3,10,5,50.0,11,21,1,48,3,10,5,2,0,3901224
Toulouse,2,41.2,9,6,1,2,1.8,309,168,54.4,117,192,42,3,15,26.7,10,5,30.0,20.0,5,19,0,14,1,0,30,0,57,53.1,49,49.0,32,17,53.1,8,3,37.5,6,27,0,49,0,12,3,3,0,3901225
Lyon,3,58.8,12,3,6,3,1.7,570,454,79.6,134,436,78,5,13,7.7,10,3,10.0,0.0,2,17,1,18,2,0,30,0,34,75.0,50,48.0,8,6,75.0,24,12,50.0,3,28,0,61,4,9,6,2,0,3901225
Montpellier,3,41.9,14,6,5,2,1.3,383,288,75.2,100,283,45,11,5,40.0,0,5,0.0,40.0,4,11,0,11,0,1,18,0,26,76.9,23,43.5,13,10,76.9,14,11,78.6,9,15,2,48,5,17,6,1,0,3901226
Troyes,1,58.1,17,6,6,4,2.0,603,511,84.7,146,457,85,11,15,46.7,6,9,66.7,33.3,7,11,0,8,2,0,18,0,26,56.2,23,56.5,16,9,56.2,14,11,78.6,4,16,1,49,3,14,6,3,0,3901226
Marseille,1,53.9,7,2,4,0,0.9,507,380,75.0,126,381,43,4,5,20.0,1,4,0.0,25.0,4,25,0,17,1,1,41,0,44,56.5,41,48.8,23,13,56.5,27,18,66.7,2,25,0,61,3,7,3,0,1,3901227
Nantes,0,46.1,7,3,3,1,0.3,426,304,71.4,113,313,61,6,16,12.5,9,7,11.1,14.3,2,17,0,26,2,0,41,0,39,52.9,42,47.6,17,9,52.9,17,11,64.7,10,16,1,45,1,7,2,1,0,3901227
Saint-Étienne,2,49.8,12,5,5,2,1.2,520,417,80.2,130,390,67,10,15,26.7,10,5,20.0,40.0,4,12,0,13,2,0,23,0,34,72.0,21,57.1,25,18,72.0,15,6,40.0,5,24,0,50,2,10,2,0,1,3901228
Lorient,0,50.2,10,2,5,3,0.4,553,459,83.0,121,432,51,7,11,27.3,7,4,14.3,50.0,5,15,0,11,1,0,23,0,31,52.6,21,42.9,19,10,52.6,20,17,85.0,8,20,1,49,3,12,5,2,0,3901228
Guingamp,1,53.4,11,1,3,7,0.8,562,437,77.8,166,396,81,5,15,40.0,8,7,25.0,57.1,9,17,0,11,1,1,27,0,54,79.2,54,44.4,24,19,79.2,21,14,66.7,5,18,0,62,5,12,6,1,0,3901229
Caen,1,46.6,12,6,3,3,0.8,415,309,74.5,104,311,38,7,12,25.0,8,4,25.0,25.0,0,11,0,17,1,1,27,0,54,71.4,55,52.7,28,20,71.4,15,9,60.0,4,35,1,55,0,11,1,1,0,3901229
Gazélec Ajaccio,3,48.9,8,5,3,0,1.4,428,293,68.5,138,290,51,5,9,44.4,5,4,60.0,25.0,2,15,0,21,2,0,30,1,57,57.7,78,60.3,26,15,57.7,8,4,50.0,3,34,0,57,4,17,6,2,0,3901230
Bastia,2,51.1,17,6,8,3,1.2,456,326,71.5,144,312,39,11,9,22.2,4,5,25.0,20.0,4,26,1,14,2,0,30,0,63,60.0,78,38.5,15,9,60.0,13,9,69.2,3,18,0,42,2,8,5,3,0,3901230
Rennes,1,55.6,11,3,3,4,0.9,591,439,74.3,152,439,94,9,15,13.3,7,8,28.6,0.0,9,23,1,14,1,0,34,0,45,70.6,61,54.1,17,12,70.6,7,5,71.4,9,26,0,65,5,9,6,1,0,3901231
AS Monaco,1,44.4,9,6,3,0,1.7,394,260,66.0,131,263,64,7,15,26.7,8,7,25.0,28.6,6,16,0,23,3,0,34,0,55,59.1,61,45.9,22,13,59.1,13,7,53.8,8,36,1,53,2,11,3,1,0,3901231
Lille,0,63.4,12,4,5,3,1.1,732,627,85.7,130,602,116,9,13,15.4,7,6,14.3,16.7,9,20,0,12,1,0,31,0,39,59.1,40,57.5,22,13,59.1,25,18,72.0,6,15,2,55,4,8,4,0,1,3901232
Angers,0,36.6,8,4,3,1,0.3,349,242,69.3,100,249,22,5,3,0.0,1,2,0.0,0.0,3,13,0,19,3,0,31,0,56,54.5,39,41.0,33,18,54.5,9,5,55.6,8,24,2,49,4,12,4,0,1,3901232
Paris Saint-Germain,4,60.9,27,11,12,4,4.8,847,756,89.3,150,697,104,17,17,41.2,8,9,75.0,11.1,5,11,1,7,1,0,15,0,24,72.2,19,68.4,18,13,72.2,13,3,23.1,6,10,0,48,2,9,2,0,1,3901233
Rennes,0,39.1,9,2,3,4,0.2,441,354,80.3,90,351,40,8,5,20.0,2,3,50.0,0.0,2,11,0,9,1,0,15,0,33,60.0,18,27.8,20,12,60.0,13,6,46.2,10,12,0,57,7,27,11,4,0,3901233
Stade de Reims,2,49.3,16,6,5,5,2.0,446,325,72.9,133,313,42,7,11,27.3,5,6,40.0,16.7,9,12,0,13,2,0,24,0,46,44.0,39,46.2,25,11,44.0,9,4,44.4,10,30,0,55,3,11,6,3,0,3901234
Montpellier,3,50.7,11,6,3,2,0.7,467,330,70.7,127,340,78,5,16,25.0,5,11,0.0,36.4,9,19,0,12,1,0,24,0,37,35.3,40,50.0,17,6,35.3,16,8,50.0,7,31,0,50,4,16,6,2,0,3901234
Lyon,2,67.7,6,2,3,1,0.3,747,629,84.2,152,595,67,3,10,30.0,6,4,33.3,25.0,4,21,0,11,1,0,33,0,33,61.5,39,48.7,13,8,61.5,19,6,31.6,8,20,1,59,1,6,2,1,0,3901235
Gazélec Ajaccio,1,32.3,6,2,3,1,0.4,315,211,67.0,105,210,41,3,7,42.9,4,3,25.0,66.7,0,16,0,22,2,0,33,0,41,45.5,39,51.3,22,10,45.5,11,6,54.5,8,26,0,49,0,6,2,2,0,3901235
Nantes,1,46.3,18,4,9,5,1.6,462,344,74.5,127,335,86,9,18,22.2,12,6,16.7,33.3,7,15,0,9,0,0,22,0,50,61.5,53,54.7,26,16,61.5,15,4,26.7,6,18,0,63,2,6,2,0,1,3901236
OGC Nice,0,53.7,6,2,2,1,0.6,598,502,83.9,137,461,35,4,10,30.0,4,6,50.0,16.7,6,10,0,13,1,0,22,0,59,70.0,52,44.2,30,21,70.0,25,13,52.0,7,40,1,38,3,18,4,1,0,3901236
Saint-Étienne,0,52.4,9,0,5,4,0.4,436,296,67.9,139,297,73,5,20,20.0,12,8,25.0,12.5,2,20,0,23,2,1,37,0,50,50.0,66,48.5,16,8,50.0,9,3,33.3,4,26,1,51,6,9,7,0,1,3901237
Toulouse,0,47.6,9,7,2,0,2.1,376,238,63.3,122,254,75,8,18,44.4,9,9,33.3,55.6,6,21,1,17,2,0,37,1,54,76.2,67,50.7,21,16,76.2,8,5,62.5,7,29,0,47,0,9,0,0,1,3901237
AS Monaco,3,54.0,16,8,6,2,1.1,489,386,78.9,128,361,71,12,13,23.1,7,6,28.6,16.7,5,21,0,15,1,0,32,0,45,71.4,51,52.9,21,15,71.4,17,6,35.3,7,21,0,38,3,9,5,2,0,3901238
Guingamp,2,46.0,9,5,2,2,0.8,405,298,73.6,117,288,33,3,6,16.7,2,4,0.0,25.0,4,15,0,18,1,0,32,0,49,54.5,51,47.1,22,12,54.5,17,8,47.1,9,23,1,38,5,16,8,3,0,3901238
Lorient,0,52.3,13,3,9,1,0.6,591,488,82.6,143,448,62,11,16,12.5,7,9,14.3,11.1,5,15,0,13,0,0,25,0,38,70.0,37,51.4,20,14,70.0,21,10,47.6,6,12,1,50,4,14,5,1,0,3901240
Lille,1,47.7,14,5,5,4,0.8,518,422,81.5,121,397,49,11,12,50.0,9,3,44.4,66.7,6,15,0,15,2,0,25,0,45,34.8,39,43.6,23,8,34.8,11,6,54.5,10,16,1,44,3,13,3,0,1,3901240
Caen,0,51.2,14,5,7,2,1.2,561,416,74.2,129,432,77,11,23,8.7,12,11,8.3,9.1,4,14,0,11,1,0,24,0,52,58.3,53,47.2,24,14,58.3,12,5,41.7,6,13,2,63,2,7,2,0,1,3901241
Bastia,0,48.8,7,2,4,1,0.6,507,372,73.4,139,368,32,7,12,25.0,4,8,0.0,37.5,3,14,0,13,3,0,24,0,45,42.1,52,50.0,19,8,42.1,12,6,50.0,4,36,1,53,5,14,5,0,1,3901241
Angers,0,50.5,13,1,8,4,0.6,500,372,74.4,151,349,36,9,9,33.3,1,8,0.0,37.5,2,16,0,16,2,0,33,0,51,57.7,48,47.9,26,15,57.7,25,17,68.0,3,24,0,54,3,12,4,1,0,3901242
Marseille,1,49.5,12,4,7,1,1.1,450,335,74.4,137,313,63,9,14,21.4,8,6,25.0,16.7,3,14,0,18,2,0,33,0,38,92.9,48,50.0,14,13,92.9,17,6,35.3,13,44,0,62,1,13,1,0,1,3901242
Bastia,1,56.6,9,6,2,1,0.9,547,443,81.0,135,412,49,5,11,27.3,6,5,16.7,40.0,6,17,0,17,1,0,32,0,38,46.7,44,47.7,15,7,46.7,28,10,35.7,11,20,2,43,2,10,2,0,1,3901243
Angers,0,43.4,10,2,7,1,1.4,442,316,71.5,114,328,56,7,12,8.3,5,7,0.0,14.3,5,18,0,17,1,0,32,1,52,58.6,46,50.0,29,17,58.6,15,10,66.7,11,14,2,37,5,9,6,1,0,3901243
Toulouse,1,49.9,14,4,5,5,1.3,447,308,68.9,110,337,86,8,18,33.3,9,9,22.2,44.4,8,24,0,10,2,0,30,0,43,60.7,47,68.1,28,17,60.7,21,9,42.9,7,20,0,55,1,4,1,0,1,3901244
Troyes,0,50.1,4,1,3,0,0.1,430,308,71.6,135,295,36,2,8,12.5,3,5,0.0,20.0,2,15,0,22,3,0,30,0,62,65.5,48,31.2,29,19,65.5,16,7,43.8,11,32,0,53,3,14,4,1,0,3901244
Bordeaux,3,52.0,11,7,1,3,1.0,568,471,82.9,130,438,46,5,9,22.2,7,2,28.6,0.0,7,10,0,17,0,0,27,0,41,53.6,29,55.2,28,15,53.6,15,10,66.7,9,14,0,47,2,10,2,0,1,3901245
Lorient,0,48.0,10,2,5,3,0.9,475,383,80.6,128,347,68,7,15,46.7,5,10,60.0,40.0,4,17,0,10,1,0,27,0,38,65.0,29,37.9,20,13,65.0,25,13,52.0,9,21,0,49,4,11,7,3,0,3901245
Nantes,1,63.4,16,5,5,6,0.8,710,592,83.4,175,535,135,14,22,4.5,13,9,0.0,11.1,6,12,0,11,2,0,22,0,57,50.0,56,33.9,20,10,50.0,19,11,57.9,5,11,0,53,1,9,3,2,0,3901246
Caen,2,36.6,9,3,4,2,1.2,335,233,69.6,106,229,44,6,11,36.4,8,3,37.5,33.3,1,8,0,12,2,0,22,0,42,60.9,55,65.5,23,14,60.9,21,12,57.1,9,37,0,50,4,16,5,1,0,3901246
Gazélec Ajaccio,0,29.2,7,0,3,4,0.4,332,227,68.4,104,228,37,6,5,20.0,2,3,0.0,33.3,3,15,0,11,1,0,22,0,43,58.8,39,33.3,17,10,58.8,9,4,44.4,3,17,0,45,2,9,6,4,0,3901247
Paris Saint-Germain,4,70.8,9,6,2,1,1.7,880,793,90.1,200,680,49,3,11,27.3,5,6,20.0,33.3,3,12,0,11,1,0,22,0,23,60.0,39,66.7,10,6,60.0,16,8,50.0,5,21,0,35,0,7,0,0,1,3901247
Lille,0,62.0,29,7,15,7,1.4,647,542,83.8,141,506,100,23,22,36.4,13,9,23.1,55.6,11,22,0,14,1,0,34,0,31,80.0,47,55.3,10,8,80.0,10,7,70.0,2,19,0,47,0,2,0,0,1,3901248
Guingamp,0,38.0,2,0,0,2,0.1,353,223,63.2,115,238,39,0,8,37.5,3,5,33.3,40.0,3,15,0,23,2,0,34,0,38,66.7,46,43.5,12,8,66.7,15,9,60.0,3,30,0,58,7,29,7,0,1,3901248
Montpellier,2,51.4,17,5,10,2,1.5,604,500,82.8,159,445,106,10,25,32.0,13,12,23.1,41.7,8,10,0,14,0,0,19,0,24,62.5,30,73.3,16,10,62.5,17,7,41.2,5,15,0,52,2,10,2,0,1,3901249
Rennes,0,48.6,10,2,5,3,0.6,519,435,83.8,139,380,40,7,8,0.0,3,5,0.0,0.0,3,14,0,7,0,0,19,0,37,46.7,30,26.7,15,7,46.7,16,7,43.8,9,24,0,41,3,17,5,2,0,3901249
OGC Nice,2,61.7,12,4,6,2,1.4,591,501,84.8,121,470,101,7,18,38.9,8,10,37.5,40.0,5,15,0,11,0,0,27,0,29,60.0,34,58.8,15,9,60.0,25,11,44.0,7,15,0,47,0,2,0,0,1,3901250
Saint-Étienne,0,38.3,2,0,0,2,0.2,337,231,68.5,93,244,28,1,6,0.0,4,2,0.0,0.0,3,13,0,17,2,2,27,0,43,68.2,35,40.0,22,15,68.2,17,8,47.1,9,22,1,36,2,12,4,2,0,3901250
Marseille,1,57.6,21,8,8,5,2.3,547,438,80.1,140,407,57,17,13,23.1,6,7,50.0,0.0,7,10,0,18,1,0,22,0,48,61.1,41,26.8,18,11,61.1,25,8,32.0,5,16,1,59,2,14,2,0,1,3901251
Stade de Reims,0,42.4,14,2,7,5,1.2,409,311,76.0,113,296,35,8,9,33.3,4,5,50.0,20.0,4,24,0,11,1,0,22,0,37,57.7,40,72.5,26,15,57.7,16,9,56.2,7,26,1,52,7,21,8,1,0,3901251
Lyon,6,63.5,23,14,5,4,4.1,636,541,85.1,133,503,86,13,10,30.0,6,4,33.3,25.0,7,15,1,10,1,0,29,0,45,67.6,27,59.3,34,23,67.6,12,6,50.0,5,16,0,43,0,11,1,1,0,3901252
AS Monaco,1,36.5,11,1,8,2,0.8,331,251,75.8,81,250,33,6,4,75.0,3,1,66.7,100.0,4,18,0,19,4,1,29,0,30,64.3,27,40.7,14,9,64.3,19,10,52.6,6,18,1,34,8,23,14,6,0,3901252
Bordeaux,1,36.0,8,3,4,1,1.0,388,288,74.2,103,285,34,3,7,14.3,3,4,0.0,25.0,5,9,0,11,1,0,18,0,32,70.6,34,55.9,17,12,70.6,21,11,52.4,9,23,0,57,1,11,2,1,0,3901253
Paris Saint-Germain,1,64.0,11,2,6,3,1.9,821,703,85.6,152,669,65,7,10,20.0,7,3,14.3,33.3,3,11,0,8,2,0,18,0,43,60.9,35,42.9,23,14,60.9,18,12,66.7,9,15,1,57,2,8,3,1,0,3901253
Stade de Reims,4,36.5,14,6,7,1,2.4,312,229,73.4,85,227,19,8,6,66.7,2,4,50.0,75.0,0,16,0,26,5,0,40,1,33,73.7,23,39.1,19,14,73.7,15,9,60.0,9,37,0,48,2,9,3,1,0,3901254
Lyon,1,63.5,9,3,4,2,1.7,636,536,84.3,134,502,57,5,6,0.0,4,2,0.0,0.0,4,23,0,15,2,0,40,0,25,84.6,26,53.8,13,11,84.6,14,11,78.6,5,8,0,40,2,14,6,4,0,3901254
Angers,2,51.4,6,2,3,1,0.2,391,245,62.7,132,259,31,2,6,0.0,2,4,0.0,0.0,2,13,0,20,4,0,31,0,60,52.0,71,50.7,25,13,52.0,9,2,22.2,2,33,1,39,4,15,7,3,0,3901255
Toulouse,3,48.6,15,7,7,1,1.9,371,229,61.7,120,251,62,8,14,71.4,8,6,75.0,66.7,8,18,0,15,1,0,31,0,53,52.9,70,48.6,17,9,52.9,10,5,50.0,7,41,1,55,0,6,2,2,0,3901255
AS Monaco,2,42.3,15,5,6,4,3.9,414,302,72.9,109,305,49,9,12,25.0,9,3,22.2,33.3,5,17,0,18,2,0,35,1,45,53.6,42,59.5,28,15,53.6,14,8,57.1,4,22,1,49,4,10,4,0,1,3901256
Montpellier,0,57.7,10,4,6,0,1.4,651,530,81.4,133,518,72,7,11,36.4,3,8,66.7,25.0,7,19,2,19,1,0,35,0,45,73.7,42,38.1,19,14,73.7,21,11,52.4,5,13,0,46,3,15,5,2,0,3901256
Saint-Étienne,0,53.0,12,3,5,4,0.9,520,386,74.2,144,376,86,9,17,17.6,9,8,0.0,37.5,7,14,0,15,1,0,27,0,59,67.9,62,50.0,28,19,67.9,14,4,28.6,2,18,2,67,4,12,5,1,0,3901257
Lille,1,47.0,12,5,7,0,1.3,410,312,76.1,106,304,43,10,8,12.5,2,6,0.0,16.7,3,14,0,14,1,0,27,1,59,63.0,63,49.2,27,17,63.0,28,15,53.6,5,45,0,54,3,12,3,0,1,3901257
Guingamp,1,39.0,14,3,9,2,1.5,408,312,76.5,92,316,46,9,13,23.1,8,5,0.0,60.0,4,10,0,11,2,0,21,0,34,55.0,26,46.2,20,11,55.0,20,11,55.0,12,12,1,50,0,10,3,3,0,3901258
OGC Nice,3,61.0,10,3,3,3,0.9,764,667,87.3,141,623,33,6,10,40.0,5,5,40.0,40.0,2,11,0,10,1,0,21,0,39,54.2,29,48.3,24,13,54.2,17,11,64.7,12,20,0,49,2,14,3,1,0,3901258
Troyes,1,42.3,9,4,4,1,1.0,494,397,80.4,103,391,58,7,12,16.7,11,1,18.2,0.0,5,10,1,9,2,0,16,0,48,71.9,26,38.5,32,23,71.9,21,10,47.6,7,31,3,55,4,18,6,1,0,3901259
Marseille,1,57.7,18,6,6,6,2.5,672,560,83.3,132,540,129,15,27,37.0,13,14,38.5,35.7,13,8,1,8,1,0,16,1,33,72.7,26,57.7,22,16,72.7,28,14,50.0,11,13,0,58,3,9,4,1,0,3901259
Lorient,1,52.3,8,4,4,0,0.9,563,438,77.8,144,419,49,6,8,25.0,4,4,50.0,0.0,1,14,0,9,2,0,22,0,44,73.3,57,49.1,15,11,73.3,23,9,39.1,11,27,0,59,3,19,3,0,1,3901260
Gazélec Ajaccio,0,47.7,19,3,9,7,2.0,497,361,72.6,157,340,71,12,17,41.2,8,9,25.0,55.6,5,12,0,15,1,0,22,0,58,55.2,57,49.1,29,16,55.2,13,9,69.2,7,14,2,68,3,8,4,1,0,3901260
Paris Saint-Germain,4,57.6,19,12,5,2,3.6,693,605,87.3,117,576,64,12,15,33.3,12,3,25.0,66.7,10,9,1,12,1,0,21,0,18,55.6,25,64.0,9,5,55.6,10,4,40.0,10,17,1,29,3,15,3,0,1,3901261
Nantes,0,42.4,15,3,9,3,0.7,445,354,79.6,112,333,98,12,21,42.9,15,6,46.7,33.3,4,15,0,9,0,0,21,0,30,64.3,24,33.3,14,9,64.3,10,8,80.0,8,19,2,47,8,19,12,4,0,3901261
Caen,1,42.3,10,4,5,1,1.3,399,276,69.2,117,282,36,5,6,16.7,3,3,0.0,33.3,4,16,0,17,1,0,33,1,42,70.0,52,57.7,20,14,70.0,19,13,68.4,11,30,0,57,4,11,4,0,1,3901262
Bordeaux,0,57.7,11,4,4,3,1.1,639,516,80.8,148,491,83,9,10,20.0,5,5,0.0,40.0,6,19,0,16,2,0,33,0,51,57.1,52,42.3,21,12,57.1,19,10,52.6,12,23,0,60,3,10,4,1,0,3901262
Rennes,1,54.0,17,7,6,4,1.6,564,454,80.5,134,430,81,15,21,14.3,13,8,7.7,25.0,8,15,0,7,2,0,26,0,23,81.8,36,66.7,11,9,81.8,20,11,55.0,7,16,0,46,3,9,5,2,0,3901263
Bastia,2,46.0,9,5,2,2,1.0,411,299,72.7,137,274,30,5,9,33.3,3,6,33.3,33.3,2,11,0,20,4,0,26,0,45,55.0,37,32.4,20,11,55.0,10,6,60.0,7,17,0,44,6,17,7,1,0,3901263
